i,j,cos,ham,dnum,inliers
7,717,0.88531554,30,1584,7
607,616,0.809258,30,9,5
546,737,0.8860866,22,496,0
754,1247,0.8874963,28,2549,7
634,782,0.8807174,36,25,4
174,196,0.8966515,30,22,4
499,614,0.8866,24,212,5
550,554,0.8053929,34,4,4
105,1633,0.8992012,36,-1,4
258,710,0.8848108,32,1172,5
1071,1551,0.88691103,22,-1,5
15,686,0.8837985,32,2466,5
387,401,0.83699113,22,14,26
549,941,0.8911325,24,2929,6
686,1264,0.8927453,22,2472,4
67,75,0.8209026,30,7,5
2180,2187,0.8201816,24,7,5
48,1543,0.88743,22,-1,6
141,151,0.8347132,30,10,5
623,673,0.88686764,26,2323,5
717,725,0.8431512,32,6,6
731,1398,0.9155812,26,-1,6
38,45,0.8178084,36,7,5
69,625,0.8825854,36,834,5
296,1055,0.880566,24,1020,6
1915,1920,0.80577207,20,5,7
717,727,0.8758276,34,8,5
342,351,0.82687837,24,9,0
410,609,0.88631064,24,2266,5
174,881,0.8819519,22,1188,6
477,501,0.88459516,24,22,8
931,1594,0.8863455,26,-1,0
1554,1564,0.8343663,34,9,4
1244,1254,0.81222296,30,9,9
162,391,0.88171464,30,358,5
723,812,0.8803241,26,168,6
179,180,0.71447796,24,1,22
285,1254,0.8811885,30,1372,0
438,1423,0.8854377,26,-1,6
1809,1820,0.83888936,32,10,4
912,1214,0.8812288,26,2433,6
1786,1797,0.81279933,30,10,4
1326,1796,0.84625256,30,424,27
1055,1066,0.8770406,26,10,5
1284,1294,0.81655073,34,9,6
782,788,0.8399564,32,5,5
1349,1359,0.8106123,32,9,7
517,529,0.8049842,22,10,5
1810,1820,0.8783784,30,9,4
546,1423,0.88958776,24,-1,4
746,936,0.8889351,24,515,5
1099,1105,0.8019787,36,5,4
1397,1403,0.8756045,36,5,0
855,977,0.8828831,30,513,0
31,1146,0.8864497,28,417,6
175,1105,0.89288354,26,639,4
614,1423,0.88011754,22,-1,5
442,450,0.80672735,26,8,5
782,814,0.8053516,36,9,5
934,943,0.806656,28,9,7
637,684,0.8988723,28,2320,5
1532,1533,0.59749043,30,1,31
665,936,0.88408554,24,620,5
909,914,0.85217625,32,5,0
852,863,0.83430946,30,10,6
546,1232,0.8856721,24,1422,5
757,840,0.8808291,34,162,6
855,865,0.8204613,28,9,5
1765,1774,0.8330149,28,8,9
188,193,0.8114753,36,5,4
1643,1650,0.80005443,30,6,5
826,835,0.813161,30,9,5
31,53,0.88535273,30,20,6
905,1172,0.88489205,24,2465,4
836,875,0.804626,30,9,5
1248,1255,0.846168,18,7,4
477,627,0.8937837,22,1818,4
679,1371,0.8851251,32,-1,0
147,153,0.8119972,32,6,4
696,771,0.8807638,30,67,0
1454,1494,0.8995488,28,35,37
646,1264,0.89025605,26,71,0
1302,1424,0.84329104,30,11,33
296,609,0.89107054,26,812,8
627,859,0.91828346,24,44,5
287,301,0.7195134,30,14,35
1526,1531,0.47204888,32,5,20
179,185,0.82300717,30,6,0
708,2003,0.88217735,24,-1,4
385,546,0.8946697,32,559,5
376,385,0.8224636,30,9,5
1165,1176,0.8255223,28,10,6
94,621,0.88019365,32,220,6
727,881,0.8887452,30,2574,7
182,215,0.8961239,38,33,17
620,631,0.8131598,32,10,4
1534,1541,0.8162421,32,6,0
1311,1320,0.8147876,26,8,4
1196,1202,0.81176895,32,6,5
1165,1172,0.8522421,30,6,5
621,814,0.88187116,34,46,5
1819,1826,0.8266906,32,5,14
1248,1253,0.83974636,28,5,4
321,997,0.80966175,30,1844,21
803,875,0.845129,26,12,25
265,1214,0.88027835,32,759,6
52,1230,0.89041585,34,360,6
546,616,0.8814892,30,172,4
625,634,0.80257,36,8,6
2178,2191,0.84123504,24,11,20
385,805,0.8842089,32,1203,6
324,332,0.8038665,38,7,5
600,623,0.8097148,28,10,5
737,867,0.88094044,22,204,6
174,741,0.88160855,28,1399,4
1194,1201,0.8297722,28,7,0
1165,1173,0.8385029,32,7,5
477,597,0.88322115,18,1835,6
621,631,0.8183613,30,9,6
1796,1989,0.8745425,22,174,35
1347,1356,0.8306581,28,9,4
174,1020,0.8861255,28,799,5
546,1246,0.90690553,30,2109,5
936,1246,0.8832439,24,3128,0
721,1258,0.8851132,32,64,4
536,545,0.8075218,28,8,0
1094,1105,0.85853124,22,10,6
81,1248,0.64582205,26,27,21
1990,2090,0.8037908,28,9,4
746,757,0.84512,24,10,5
1824,1901,0.81833076,30,7,4
1124,1134,0.8050236,28,8,6
710,734,0.8883451,30,2351,0
1312,1418,0.8818464,32,95,0
562,685,0.8803973,26,436,0
549,721,0.8858048,34,186,6
899,1006,0.8455073,34,6,6
1248,1258,0.85424757,30,9,4
562,573,0.85910404,36,10,5
1791,1797,0.81353843,40,6,5
1990,2101,0.81716835,34,10,5
64,79,0.9086584,26,14,36
1466,1474,0.81534946,24,7,4
83,1089,0.88319457,32,515,5
1754,1760,0.81205416,28,5,6
634,1055,0.9100723,30,207,4
309,995,0.88117266,32,1854,6
220,855,0.8912617,30,1542,5
258,877,0.88868666,30,1402,5
1551,1594,0.88236713,32,39,0
2148,2153,0.8133402,26,5,4
287,302,0.6546359,36,15,36
855,862,0.82383347,36,6,6
1592,1665,0.91088355,30,66,30
1024,1029,0.80898744,30,5,6
1144,1148,0.80121374,30,4,6
175,1021,0.88392293,30,1177,0
877,1006,0.83451325,24,8,4
1547,1656,0.8705346,28,99,35
2114,2125,0.82057965,28,10,5
1351,1360,0.81533635,26,8,5
473,722,0.8993194,28,55,29
376,916,0.8860041,28,1567,5
128,717,0.8983171,32,1423,5
195,198,0.6745043,32,3,33
179,189,0.8389888,36,10,5
1106,1118,0.71945226,20,11,28
1901,1957,0.88075554,24,5,28
1901,1968,0.8495202,28,6,37
31,710,0.8852345,36,775,5
1938,1949,0.83097184,36,10,4
746,784,0.88173175,30,2594,5
278,1549,0.8814341,24,-1,0
936,945,0.802779,26,9,5
178,186,0.81324524,32,8,4
558,567,0.8309896,26,8,7
689,1426,0.8816874,34,-1,4
174,934,0.88873744,26,1916,5
636,1846,0.8932911,34,-1,5
1797,1807,0.8123442,30,9,6
866,1230,0.8999664,30,2123,4
1109,1120,0.82215464,28,10,6
823,1264,0.8922104,30,2682,5
1837,1842,0.84131855,30,5,5
1114,1120,0.8074976,28,5,5
35,916,0.8801225,32,2078,5
174,181,0.8427928,32,7,6
1098,1105,0.8178993,26,6,5
546,1128,0.8917569,26,1517,4
1019,1029,0.8244146,32,9,5
627,1190,0.89057505,32,420,4
1097,1105,0.8054208,26,7,5
386,518,0.8824874,32,533,0
746,754,0.80454445,34,8,6
614,625,0.8823589,22,2052,5
710,1246,0.88083756,30,251,4
771,832,0.883423,32,142,4
109,117,0.80506665,32,8,6
87,192,0.8937289,18,151,29
1172,1183,0.86286914,38,10,5
1708,1721,0.78455687,30,11,21
2132,2135,0.7113197,28,2,22
1207,1233,0.7685316,26,24,26
652,833,0.88509715,34,283,7
546,710,0.8936207,26,1858,4
710,802,0.882436,30,2500,4
272,278,0.8444483,30,6,5
415,419,0.8315983,24,4,7
825,869,0.83368015,26,4,8
716,727,0.869781,30,9,6
1629,1637,0.80473673,30,7,18
713,723,0.8283123,34,8,5
1055,1062,0.8354316,38,7,6
737,1246,0.8950929,26,2605,5
739,789,0.9005769,28,2341,5
648,682,0.884472,32,64,5
1835,2001,0.8578125,28,15,31
1476,1646,0.88113534,26,243,6
323,400,0.9114624,20,76,33
2121,2132,0.8589996,28,10,6
852,862,0.8091451,40,9,8
234,240,0.8159003,28,6,8
578,1480,0.84640825,26,-1,21
745,784,0.8841468,30,2593,5
934,941,0.83057773,32,7,6
393,399,0.81357807,38,6,8
489,497,0.81841,40,7,0
136,147,0.88987505,30,11,21
861,936,0.886988,26,325,5
737,784,0.8806643,32,2586,4
604,627,0.8142131,28,10,4
771,905,0.8929856,34,461,5
946,956,0.8049183,36,10,4
192,206,0.8409826,36,14,37
234,964,0.90951693,18,1757,28
844,845,0.71484387,40,1,27
614,746,0.88039684,22,334,5
67,73,0.8081721,38,5,6
336,1021,0.8854931,34,1467,4
829,839,0.8036718,30,9,5
713,725,0.80637735,36,10,4
825,1254,0.8879982,32,191,8
1243,1252,0.83138525,32,8,5
176,186,0.81010944,24,10,5
889,898,0.8189901,26,9,5
692,867,0.8807677,28,244,6
176,183,0.8030263,36,7,4
1592,1599,0.80164,32,7,10
430,740,0.8807313,32,966,5
482,749,0.88703156,30,2418,5
343,577,0.88122684,28,629,7
741,789,0.8824202,32,2343,6
1528,1710,0.8076051,30,165,36
77,1089,0.89666265,32,510,6
727,1246,0.88224447,30,2596,6
634,767,0.8832797,38,2397,5
2165,2172,0.803061,30,6,0
522,530,0.8002167,34,6,0
562,567,0.8125161,34,5,5
1838,1842,0.81475043,34,4,4
1595,1665,0.8976102,22,63,14
267,696,0.8814074,34,1137,6
431,2104,0.8814721,28,-1,8
716,723,0.8148122,42,5,5
936,943,0.8463378,28,7,6
1254,1846,0.8824649,38,-1,14
1245,1253,0.8133142,26,7,5
1590,1724,0.8817235,30,12,38
938,942,0.7057495,38,4,20
289,294,0.80871356,30,5,4
1471,1482,0.82985497,26,10,0
552,749,0.8884295,22,502,0
1931,1964,0.5373437,26,29,22
546,734,0.88479733,28,493,0
1020,1062,0.8822267,30,38,8
631,778,0.9085023,36,2410,6
182,204,0.82342494,26,22,34
937,942,0.83075804,28,5,5
385,1246,0.88679636,32,1550,8
156,685,0.8829472,28,1367,4
1931,1949,0.54097265,30,15,23
1078,1462,0.8621393,30,-1,32
258,1006,0.8803173,26,1394,5
894,1258,0.8834548,38,3005,4
179,187,0.8338838,24,8,4
250,1669,0.8134346,30,-1,25
2054,2060,0.8242743,34,5,4
262,1260,0.88709146,22,1343,4
357,364,0.8089866,32,7,5
1838,1843,0.86835265,38,5,4
1827,1837,0.8306339,24,9,5
740,1234,0.8894439,32,1919,6
1811,1820,0.82671833,38,8,5
1647,1767,0.7892192,30,109,26
757,934,0.8834108,34,503,4
339,370,0.8811562,32,31,0
832,839,0.8032836,32,6,5
1378,1502,0.8855942,28,168,6
1553,1564,0.83915067,24,10,4
226,614,0.8816222,22,1017,4
464,472,0.8279736,26,6,0
1561,1661,0.90820134,22,90,28
558,568,0.80250025,30,9,5
1437,1970,0.8813851,36,480,4
35,46,0.8116452,30,10,6
262,934,0.8935654,30,1699,4
267,789,0.8800849,44,1166,6
540,684,0.8807872,34,455,4
41,46,0.80338615,30,5,5
109,1021,0.88553005,30,1112,4
347,1147,0.88942933,32,902,4
234,238,0.8001754,28,4,4
749,1086,0.8892838,38,2569,4
477,1237,0.88922834,24,1984,7
113,118,0.81767035,28,5,6
726,1258,0.88002944,24,2513,5
727,934,0.890236,30,530,4
65,69,0.80281425,30,4,4
438,450,0.9041563,34,12,17
136,637,0.88013625,32,935,4
614,1258,0.88220084,34,2197,7
1128,1246,0.8933114,32,592,5
522,528,0.85586417,18,4,17
1006,1021,0.8118416,30,5,0
1244,1252,0.83217305,32,7,5
343,350,0.80500305,28,7,5
546,1018,0.89155054,28,1700,4
2013,2199,0.8502817,30,168,39
497,1311,0.88045514,30,-1,4
2069,2074,0.84971976,26,5,29
546,746,0.8938693,26,504,0
238,901,0.8943161,28,1690,29
1579,1679,0.84271646,28,9,25
1917,1949,0.3612836,30,28,36
1112,1120,0.80579937,32,7,7
577,867,0.8857463,26,672,9
1323,1871,0.80996734,32,493,23
1145,1152,0.6027352,34,6,20
805,812,0.8081478,28,7,0
1938,1948,0.8277297,26,9,4
805,1206,0.8802745,32,2090,6
40,47,0.8202249,28,7,5
614,721,0.88786316,32,2261,4
1243,1254,0.8163134,32,10,5
221,1136,0.8849778,32,657,4
1125,1132,0.81176275,32,5,4
2166,2178,0.7649112,34,11,26
1614,1623,0.8120829,28,9,5
2200,2205,0.85106385,30,4,0
267,778,0.88191664,30,1210,6
1471,1476,0.8038039,32,5,4
545,553,0.81854093,26,7,0
727,1043,0.8842288,34,2560,5
265,826,0.9037267,28,1342,6
48,941,0.8830545,26,3036,5
5,1137,0.89355564,30,401,5
1043,1115,0.88361716,30,15,5
1459,1472,0.91897416,26,12,28
1469,1476,0.8245046,30,7,4
991,999,0.80923265,34,8,4
174,183,0.81838363,28,9,5
2117,2126,0.8247078,30,8,5
1732,1739,0.8188922,22,6,4
64,75,0.8437527,36,10,6
410,594,0.8846725,32,202,6
279,285,0.80564106,32,6,6
603,1266,0.88238597,28,128,0
1436,1444,0.8075466,32,8,6
464,493,0.82596695,24,9,4
625,631,0.74428,32,5,24
1653,1663,0.80545413,22,9,5
782,825,0.84462,30,10,4
627,785,0.8920001,24,33,23
366,376,0.85024667,30,10,6
740,792,0.908739,28,2341,8
1196,1197,0.6179189,36,1,39
939,946,0.8234384,28,7,0
1120,1124,0.8289721,26,4,6
546,936,0.8923062,30,1019,0
1810,2058,0.80215895,20,222,23
2006,2016,0.8069942,24,9,4
358,362,0.80687034,34,4,4
936,1267,0.8877609,20,3037,0
62,1157,0.8802538,30,435,5
546,1016,0.88791466,26,1702,4
262,826,0.88881505,24,1345,4
109,174,0.8855585,26,64,4
1753,1760,0.8137842,28,6,5
1832,1844,0.8678155,32,11,23
220,226,0.8058599,34,6,6
397,1229,0.8883295,28,878,5
777,823,0.8812583,32,2513,7
1189,1198,0.8102517,32,8,5
1248,1252,0.83632815,34,4,0
192,201,0.8001109,30,9,5
494,1234,0.8801567,30,1373,6
99,1157,0.88555074,18,517,7
808,809,0.7274902,30,1,20
2115,2127,0.8760486,30,11,24
1006,1065,0.8211099,32,9,0
70,1115,0.8978084,30,48,9
1590,1679,0.81615704,26,8,0
35,1551,0.88411313,34,-1,6
2120,2131,0.81852084,40,10,4
717,1252,0.8957477,34,2511,5
1326,1539,0.84078765,26,192,21
503,546,0.8807124,22,38,5
357,361,0.80257696,24,4,4
426,431,0.81572694,34,5,6
614,936,0.8878204,24,849,4
560,777,0.8841294,38,52,6
520,528,0.78265154,26,6,22
358,368,0.8144709,32,10,4
175,180,0.83008885,28,5,4
715,727,0.8214923,36,10,6
1094,1246,0.8826541,28,562,4
203,546,0.8831354,36,870,5
162,1902,0.8812827,34,-1,4
719,1359,0.8882285,28,-1,5
2052,2060,0.80706143,36,7,4
614,867,0.89717513,30,530,5
514,867,0.8872876,34,728,4
1603,1612,0.8997686,28,9,5
1830,1837,0.81614023,28,6,5
1248,1256,0.8162102,30,8,0
494,936,0.8940872,28,1066,4
294,888,0.8854395,28,1621,5
174,1094,0.8810564,22,648,5
717,729,0.844469,28,10,5
939,943,0.8324318,24,4,0
183,188,0.81811917,28,5,4
1161,1172,0.81976664,38,10,5
1245,1255,0.8071119,30,9,5
812,840,0.88736206,32,25,4
1183,1192,0.8079351,24,9,5
1527,1532,0.8009162,30,5,6
1093,1115,0.5847323,28,2,21
128,727,0.8850837,36,1431,5
2067,2077,0.81748515,30,9,4
1322,1332,0.8050573,30,9,5
733,783,0.847485,36,8,5
1142,1232,0.8826853,28,82,5
717,723,0.8654393,32,4,13
176,182,0.80410033,30,6,6
913,2006,0.8831675,28,-1,4
518,1189,0.8910819,34,1436,4
605,616,0.8178348,36,10,0
762,772,0.80387425,32,9,4
1403,1414,0.8581913,30,10,27
1244,1255,0.8122402,26,10,6
727,826,0.88437265,32,176,4
256,934,0.8871251,30,1705,0
855,866,0.8158601,28,10,4
390,1109,0.884278,30,979,5
1014,1018,0.8065711,28,4,4
741,1376,0.88617826,24,-1,5
686,823,0.8821399,36,210,5
494,546,0.88049984,26,47,5
91,545,0.88006425,28,1027,6
1018,1172,0.8889979,28,223,4
1675,1903,0.8828555,22,205,20
36,76,0.8990003,30,36,5
472,1264,0.8847088,30,108,5
872,879,0.80646193,32,6,6
1320,1327,0.807704,30,6,0
621,634,0.8837005,26,12,12
597,859,0.88880926,24,61,4
308,727,0.88583624,30,1122,7
1757,1824,0.8089148,34,6,4
69,261,0.8863108,28,365,4
1195,1199,0.85159504,28,4,5
853,863,0.82384765,38,9,6
274,279,0.8015442,24,5,4
2077,2084,0.8267197,32,6,6
1487,1497,0.80650795,28,8,6
598,1018,0.8859918,30,196,4
546,612,0.8814019,24,168,4
923,1594,0.8812572,28,-1,4
174,1246,0.883654,34,1210,4
244,1493,0.88806665,28,-1,0
746,1258,0.89821607,26,2531,6
111,262,0.89085543,30,279,5
201,1147,0.880849,22,627,8
1910,1915,0.8204235,30,4,4
1901,2001,0.826172,24,9,4
1498,1613,0.821134,28,265,34
1250,1258,0.83516455,34,7,4
497,614,0.88077366,34,214,5
1250,1263,0.88574076,40,12,5
1917,1930,0.7069237,28,12,21
572,718,0.88468087,30,457,5
714,726,0.82174444,34,10,5
559,568,0.80015135,28,8,6
741,784,0.8833102,32,2590,5
1043,1248,0.88861954,28,37,5
546,1499,0.8800506,30,-1,4
551,880,0.90236896,36,2118,9
1322,1327,0.81421196,26,4,6
54,1146,0.89720476,24,438,5
2167,2175,0.8022845,32,7,5
870,876,0.81206924,26,6,6
1917,1950,0.35632688,28,29,35
93,546,0.898684,26,1026,4
2121,2131,0.827809,32,9,5
31,934,0.88412774,30,2100,6
48,621,0.8881428,32,126,7
1487,1499,0.8173082,30,10,7
70,308,0.88221717,32,1375,4
1326,1989,0.8907702,28,598,38
48,256,0.881868,32,1324,6
351,357,0.89366895,26,6,7
93,1018,0.88628614,28,674,4
1349,1358,0.82210684,30,8,6
1768,1812,0.8594712,20,4,29
1398,1403,0.8448943,34,4,4
745,936,0.8830582,38,516,5
867,931,0.8839071,38,314,5
873,879,0.80828965,30,5,6
1116,1128,0.8115344,26,10,6
587,823,0.89178824,34,624,5
552,859,0.8905669,26,1841,0
534,541,0.8488879,28,6,4
1490,1767,0.8198379,32,546,20
48,881,0.88073325,30,75,10
1505,1510,0.8452703,28,5,5
22,105,0.88053834,28,124,4
256,899,0.88557196,38,1398,5
771,1087,0.9150156,24,2588,19
140,153,0.8314198,28,13,36
112,118,0.81419575,26,6,6
445,454,0.80435157,32,9,6
32,40,0.8839352,26,7,10
691,741,0.88326216,36,45,5
1313,1413,0.8114518,28,9,4
777,789,0.8425955,28,9,6
699,755,0.805594,26,5,6
2108,2136,0.86521435,30,25,26
889,895,0.8020114,36,6,4
296,634,0.8833372,28,1227,6
505,525,0.65606004,36,19,20
603,625,0.80966854,28,9,5
518,529,0.8137599,34,9,4
720,726,0.8009664,38,4,4
855,861,0.8498188,28,5,5
31,1109,0.8803725,34,450,4
2081,2085,0.8778508,18,4,37
1526,1554,0.48642403,32,26,24
477,859,0.89997923,26,1774,6
31,54,0.89829445,26,21,4
546,1172,0.88127375,26,1477,4
1100,1105,0.82309616,30,4,4
346,352,0.8032974,38,6,0
749,1104,0.890138,30,2566,5
936,941,0.8530009,28,5,4
1948,1953,0.80363905,34,5,5
832,840,0.8302548,30,7,5
546,598,0.88329136,24,1896,4
2117,2128,0.84496176,32,10,5
1248,1254,0.81148046,26,6,0
130,726,0.88858116,32,1428,5
94,103,0.88689196,30,1137,6
937,943,0.8631587,28,6,27
717,726,0.8102188,20,7,5
511,1008,0.88515866,28,2047,8
31,1098,0.9085785,28,460,4
16,313,0.8894371,32,467,4
262,812,0.91941595,30,1333,11
447,454,0.80612147,34,7,4
616,1258,0.8822523,32,2199,4
549,1258,0.88152456,28,122,5
749,859,0.88951373,24,2343,4
778,1109,0.8867514,30,2066,5
267,273,0.8214342,38,7,5
1406,1416,0.8187556,28,9,4
1724,1812,0.80922467,28,8,4
1746,1846,0.8304993,32,9,5
794,862,0.8879894,28,61,4
559,567,0.8247021,24,7,7
407,1563,0.8820509,32,-1,0
31,174,0.8871867,22,184,4
1917,1939,0.455828,32,19,22
848,869,0.6423217,34,2,23
128,826,0.8951572,24,1607,4
410,770,0.89366007,16,2627,6
905,914,0.8135302,32,9,0
31,689,0.8886786,32,1536,5
716,728,0.815688,26,10,4
751,1414,0.9155543,24,-1,6
82,471,0.88744915,34,877,4
546,805,0.88768184,24,644,0
1593,2164,0.86750996,30,514,22
560,741,0.8834839,26,2404,5
42,46,0.81140816,26,4,5
54,1098,0.91332304,36,481,5
1908,1915,0.80313873,30,6,4
748,757,0.81848794,34,8,7
716,726,0.85061544,34,8,5
691,1264,0.8838798,40,2476,4
283,287,0.80073416,30,4,0
746,1264,0.8838891,26,2525,5
1474,1482,0.859095,30,7,16
2116,2125,0.84273016,32,8,5
1109,1113,0.8144283,32,4,4
81,487,0.86045766,24,1956,21
812,822,0.8337443,32,9,4
180,187,0.80523854,28,7,5
1917,1936,0.2893449,26,16,29
970,1541,0.8811343,28,-1,38
830,839,0.8070115,30,8,5
2012,2057,0.8265875,24,4,7
278,287,0.8140156,36,9,5
806,812,0.8037559,32,6,4
855,867,0.8866451,26,11,4
1973,1983,0.8004687,28,9,0
1887,1903,0.8897738,28,14,28
1679,1746,0.8003315,30,6,6
710,778,0.8823789,32,2391,5
1732,1743,0.82252896,34,10,4
1788,1797,0.8204519,38,8,5
320,516,0.89074457,40,596,6
181,1250,0.8895862,20,1142,9
1575,1584,0.8050841,28,8,6
2153,2205,0.8833543,34,46,8
236,248,0.85986507,30,12,22
105,866,0.8881009,28,1666,5
70,136,0.88451064,30,1074,0
178,737,0.88280845,38,1391,5
1399,1409,0.8478431,26,9,7
2117,2125,0.861772,26,7,5
745,839,0.88536096,32,172,6
2039,2049,0.8258769,36,8,4
489,494,0.8040994,36,4,4
551,1258,0.88523006,28,2031,5
762,770,0.81340516,32,7,6
343,351,0.80945945,30,8,5
1318,1328,0.8395694,20,9,38
1190,1199,0.8017404,26,8,6
716,1043,0.90223336,30,2551,5
164,170,0.8077556,36,6,4
546,684,0.8901049,28,449,0
715,726,0.8588989,36,9,5
265,812,0.8809829,28,1330,5
416,450,0.8906364,24,34,14
1041,1157,0.8897817,30,189,5
1534,1543,0.8160602,28,8,4
1494,1614,0.88816303,32,108,4
2147,2151,0.80233264,30,4,4
1917,1942,0.44441265,36,22,21
1312,2006,0.8831644,30,625,0
2198,2205,0.81762594,24,6,10
