i,j,decision,hora
7,717,distinta,2026-10-04 06:26:59
607,616,distinta,2026-10-04 06:27:23
546,737,distinta,2026-10-04 06:27:38
754,1247,misma,2026-10-04 06:27:46
634,782,misma,2026-10-04 06:28:28
174,196,misma,2026-10-04 06:28:48
499,614,distinta,2026-10-04 06:31:27
550,554,distinta,2026-10-04 06:31:38
105,1633,distinta,2026-10-04 06:31:43
258,710,distinta,2026-10-04 06:31:48
1071,1551,distinta,2026-10-04 06:31:54
15,686,distinta,2026-10-04 06:32:05
387,401,misma,2026-10-04 06:32:22
549,941,distinta,2026-10-04 06:32:40
686,1264,distinta,2026-10-04 06:32:53
67,75,distinta,2026-10-04 06:33:00
2180,2187,misma,2026-10-04 06:33:07
48,1543,distinta,2026-10-04 06:33:14
141,151,distinta,2026-10-04 06:33:30
623,673,misma,2026-10-04 06:33:39
717,725,distinta,2026-10-04 06:33:46
731,1398,distinta,2026-10-04 06:33:51
38,45,distinta,2026-10-04 06:33:57
69,625,distinta,2026-10-04 06:34:03
296,1055,distinta,2026-10-04 06:34:14
1915,1920,distinta,2026-10-04 06:34:19
717,727,distinta,2026-10-04 06:34:28
342,351,distinta,2026-10-04 06:34:33
410,609,distinta,2026-10-04 06:34:41
174,881,distinta,2026-10-04 06:34:46
477,501,misma,2026-10-04 06:34:54
931,1594,misma,2026-10-04 06:34:59
1554,1564,misma,2026-10-04 06:35:12
1244,1254,distinta,2026-10-04 06:35:29
162,391,distinta,2026-10-04 06:35:36
723,812,distinta,2026-10-04 06:35:42
179,180,distinta,2026-10-04 06:35:48
285,1254,distinta,2026-10-04 06:35:54
438,1423,distinta,2026-10-04 06:36:03
1809,1820,misma,2026-10-04 06:36:16
912,1214,distinta,2026-10-04 06:36:24
1786,1797,distinta,2026-10-04 06:36:41
1326,1796,misma,2026-10-04 06:36:48
1055,1066,distinta,2026-10-04 06:36:54
1284,1294,misma,2026-10-04 06:37:02
782,788,distinta,2026-10-04 06:37:10
1349,1359,distinta,2026-10-04 06:37:19
517,529,distinta,2026-10-04 06:37:31
1810,1820,distinta,2026-10-04 06:37:40
546,1423,distinta,2026-10-04 06:37:45
746,936,distinta,2026-10-04 06:37:51
1099,1105,distinta,2026-10-04 06:37:56
1397,1403,misma,2026-10-04 06:38:16
855,977,distinta,2026-10-04 06:38:25
31,1146,distinta,2026-10-04 06:38:33
175,1105,distinta,2026-10-04 06:38:44
614,1423,distinta,2026-10-04 06:38:54
442,450,distinta,2026-10-04 06:39:07
782,814,distinta,2026-10-04 06:39:15
934,943,distinta,2026-10-04 06:39:31
637,684,misma,2026-10-04 06:39:42
1532,1533,distinta,2026-10-04 06:39:47
665,936,distinta,2026-10-04 06:39:56
909,914,distinta,2026-10-04 06:40:05
852,863,misma,2026-10-04 06:40:12
546,1232,distinta,2026-10-04 06:40:32
757,840,distinta,2026-10-04 06:40:40
855,865,distinta,2026-10-04 06:40:50
1765,1774,misma,2026-10-04 06:41:08
188,193,distinta,2026-10-04 06:41:28
1643,1650,misma,2026-10-04 06:41:42
826,835,distinta,2026-10-04 06:41:53
31,53,distinta,2026-10-04 06:41:58
905,1172,distinta,2026-10-04 06:42:16
836,875,distinta,2026-10-04 06:42:22
1248,1255,distinta,2026-10-04 06:42:31
477,627,distinta,2026-10-04 06:42:39
679,1371,distinta,2026-10-04 06:43:23
147,153,distinta,2026-10-04 06:43:28
696,771,distinta,2026-10-04 06:43:35
1454,1494,misma,2026-10-04 06:43:42
646,1264,distinta,2026-10-04 06:43:48
1302,1424,distinta,2026-10-04 06:43:59
296,609,distinta,2026-10-04 06:44:07
627,859,distinta,2026-10-04 06:44:15
287,301,distinta,2026-10-04 06:44:21
1526,1531,distinta,2026-10-04 06:45:01
179,185,misma,2026-10-04 06:45:14
708,2003,distinta,2026-10-04 06:45:19
385,546,distinta,2026-10-04 06:45:25
376,385,distinta,2026-10-04 06:45:32
1165,1176,distinta,2026-10-04 06:45:38
94,621,distinta,2026-10-04 06:45:45
727,881,distinta,2026-10-04 06:45:50
182,215,misma,2026-10-04 06:46:11
620,631,distinta,2026-10-04 06:46:19
1534,1541,distinta,2026-10-04 06:46:24
1311,1320,distinta,2026-10-04 06:46:31
1196,1202,distinta,2026-10-04 06:46:37
1165,1172,distinta,2026-10-04 06:46:43
621,814,distinta,2026-10-04 06:46:54
1819,1826,misma,2026-10-04 06:47:01
1248,1253,distinta,2026-10-04 06:47:13
321,997,misma,2026-10-04 06:47:26
803,875,distinta,2026-10-04 06:47:34
265,1214,distinta,2026-10-04 06:48:34
52,1230,distinta,2026-10-04 06:48:50
546,616,misma,2026-10-04 06:48:59
625,634,distinta,2026-10-04 06:49:09
2178,2191,misma,2026-10-04 06:49:14
385,805,distinta,2026-10-04 06:49:21
324,332,distinta,2026-10-04 06:49:27
600,623,distinta,2026-10-04 06:49:32
737,867,distinta,2026-10-04 06:49:40
174,741,distinta,2026-10-04 06:49:45
1194,1201,distinta,2026-10-04 06:49:59
1165,1173,distinta,2026-10-04 06:50:06
477,597,misma,2026-10-04 06:50:20
621,631,distinta,2026-10-04 06:50:25
1796,1989,misma,2026-10-04 06:50:31
1347,1356,distinta,2026-10-04 06:50:40
174,1020,distinta,2026-10-04 06:50:47
546,1246,distinta,2026-10-04 06:50:52
936,1246,distinta,2026-10-04 06:50:58
721,1258,distinta,2026-10-04 06:51:03
536,545,distinta,2026-10-04 06:51:16
1094,1105,distinta,2026-10-04 06:51:25
81,1248,distinta,2026-10-04 06:51:40
1990,2090,distinta,2026-10-04 06:51:51
746,757,distinta,2026-10-04 06:52:00
1824,1901,distinta,2026-10-04 06:52:06
1124,1134,distinta,2026-10-04 06:52:12
710,734,distinta,2026-10-04 06:52:24
1312,1418,distinta,2026-10-04 06:52:43
562,685,distinta,2026-10-04 06:52:54
549,721,distinta,2026-10-04 06:52:59
899,1006,distinta,2026-10-04 06:53:05
1248,1258,distinta,2026-10-04 06:53:12
562,573,distinta,2026-10-04 06:53:18
1791,1797,distinta,2026-10-04 06:53:25
1990,2101,distinta,2026-10-04 06:53:34
64,79,no_se,2026-10-04 06:54:00
1466,1474,distinta,2026-10-04 06:54:09
83,1089,distinta,2026-10-04 06:54:16
1754,1760,distinta,2026-10-04 06:54:23
634,1055,distinta,2026-10-04 06:54:37
309,995,misma,2026-10-04 06:54:46
220,855,distinta,2026-10-04 06:54:57
258,877,distinta,2026-10-04 06:55:01
1551,1594,distinta,2026-10-04 06:55:07
2148,2153,distinta,2026-10-04 06:55:13
287,302,distinta,2026-10-04 06:55:18
855,862,distinta,2026-10-04 06:55:25
1592,1665,misma,2026-10-04 06:55:35
1024,1029,distinta,2026-10-04 06:55:41
1144,1148,distinta,2026-10-04 06:55:51
175,1021,distinta,2026-10-04 06:56:22
877,1006,distinta,2026-10-04 06:56:28
1547,1656,misma,2026-10-04 06:56:35
2114,2125,distinta,2026-10-04 06:56:43
1351,1360,distinta,2026-10-04 06:57:01
473,722,misma,2026-10-04 06:57:09
376,916,distinta,2026-10-04 06:57:14
128,717,distinta,2026-10-04 06:57:23
195,198,distinta,2026-10-04 06:57:28
179,189,distinta,2026-10-04 06:57:34
1106,1118,distinta,2026-10-04 06:57:41
1901,1957,misma,2026-10-04 06:57:50
1901,1968,misma,2026-10-04 06:57:58
31,710,distinta,2026-10-04 06:58:09
1938,1949,distinta,2026-10-04 06:58:16
746,784,distinta,2026-10-04 06:58:22
278,1549,distinta,2026-10-04 06:58:31
936,945,distinta,2026-10-04 06:58:38
178,186,distinta,2026-10-04 06:58:43
558,567,distinta,2026-10-04 06:58:49
689,1426,distinta,2026-10-04 06:59:00
174,934,distinta,2026-10-04 06:59:07
636,1846,distinta,2026-10-04 06:59:12
1797,1807,distinta,2026-10-04 06:59:19
866,1230,distinta,2026-10-04 06:59:26
1109,1120,distinta,2026-10-04 06:59:39
823,1264,distinta,2026-10-04 06:59:46
1837,1842,distinta,2026-10-04 06:59:52
1114,1120,distinta,2026-10-04 06:59:57
35,916,distinta,2026-10-04 07:00:32
174,181,distinta,2026-10-04 07:00:40
1098,1105,distinta,2026-10-04 07:00:46
546,1128,distinta,2026-10-04 07:00:58
1019,1029,distinta,2026-10-04 07:01:44
627,1190,distinta,2026-10-04 07:01:49
1097,1105,distinta,2026-10-04 07:01:57
386,518,misma,2026-10-04 07:02:08
746,754,distinta,2026-10-04 07:02:14
614,625,distinta,2026-10-04 07:02:18
710,1246,distinta,2026-10-04 07:02:40
771,832,distinta,2026-10-04 07:02:52
109,117,distinta,2026-10-04 07:02:57
87,192,misma,2026-10-04 07:03:04
1172,1183,distinta,2026-10-04 07:03:10
1708,1721,distinta,2026-10-04 07:03:15
2132,2135,distinta,2026-10-04 07:03:20
1207,1233,distinta,2026-10-04 07:03:34
652,833,distinta,2026-10-04 07:04:00
546,710,distinta,2026-10-04 07:04:05
710,802,distinta,2026-10-04 07:04:11
272,278,distinta,2026-10-04 07:04:15
415,419,distinta,2026-10-04 07:04:21
825,869,distinta,2026-10-04 07:04:29
716,727,distinta,2026-10-04 07:05:03
1629,1637,misma,2026-10-04 07:05:20
713,723,distinta,2026-10-04 07:05:24
1055,1062,distinta,2026-10-04 07:05:28
737,1246,distinta,2026-10-04 07:05:40
739,789,misma,2026-10-04 07:05:49
648,682,distinta,2026-10-04 07:05:55
1835,2001,misma,2026-10-04 07:06:49
1476,1646,distinta,2026-10-04 07:06:55
323,400,misma,2026-10-04 07:07:02
2121,2132,distinta,2026-10-04 07:07:11
852,862,distinta,2026-10-04 07:07:47
234,240,distinta,2026-10-04 07:07:55
578,1480,distinta,2026-10-04 07:08:07
745,784,distinta,2026-10-04 07:08:12
934,941,distinta,2026-10-04 07:08:20
393,399,distinta,2026-10-04 07:08:28
489,497,distinta,2026-10-04 07:08:35
136,147,distinta,2026-10-04 07:08:50
861,936,distinta,2026-10-04 07:09:04
737,784,misma,2026-10-04 07:09:48
604,627,distinta,2026-10-04 07:09:59
771,905,distinta,2026-10-04 07:10:17
946,956,distinta,2026-10-04 07:10:21
192,206,distinta,2026-10-04 07:10:32
234,964,misma,2026-10-04 07:10:42
844,845,misma,2026-10-04 07:11:08
614,746,distinta,2026-10-04 07:11:41
67,73,distinta,2026-10-04 07:12:08
336,1021,distinta,2026-10-04 07:12:46
829,839,distinta,2026-10-04 07:13:00
713,725,distinta,2026-10-04 07:13:06
825,1254,distinta,2026-10-04 07:13:12
1243,1252,distinta,2026-10-04 07:13:16
176,186,distinta,2026-10-04 07:13:24
889,898,distinta,2026-10-04 07:13:31
692,867,distinta,2026-10-04 07:13:54
176,183,distinta,2026-10-04 07:14:09
1592,1599,misma,2026-10-04 07:14:16
430,740,distinta,2026-10-04 07:14:21
482,749,misma,2026-10-04 07:14:31
343,577,distinta,2026-10-04 07:14:37
741,789,distinta,2026-10-04 07:14:45
1528,1710,misma,2026-10-04 07:14:51
77,1089,distinta,2026-10-04 07:14:57
727,1246,distinta,2026-10-04 07:15:05
634,767,distinta,2026-10-04 07:15:18
2165,2172,distinta,2026-10-04 07:15:32
522,530,distinta,2026-10-04 07:15:40
562,567,distinta,2026-10-04 07:15:46
1838,1842,misma,2026-10-04 07:15:55
1595,1665,misma,2026-10-04 07:16:01
267,696,distinta,2026-10-04 07:16:07
431,2104,distinta,2026-10-04 07:16:14
716,723,distinta,2026-10-04 07:16:21
936,943,distinta,2026-10-04 07:16:27
1254,1846,distinta,2026-10-04 07:16:31
1245,1253,distinta,2026-10-04 07:16:38
1590,1724,misma,2026-10-04 07:16:49
938,942,distinta,2026-10-04 07:16:56
289,294,distinta,2026-10-04 07:17:04
1471,1482,distinta,2026-10-04 07:17:08
552,749,misma,2026-10-04 07:17:31
1931,1964,distinta,2026-10-04 07:17:38
546,734,distinta,2026-10-04 07:17:51
1020,1062,distinta,2026-10-04 07:17:58
631,778,misma,2026-10-04 07:18:05
182,204,distinta,2026-10-04 07:19:00
937,942,distinta,2026-10-04 07:19:18
385,1246,distinta,2026-10-04 07:19:27
156,685,distinta,2026-10-04 07:19:54
1931,1949,distinta,2026-10-04 07:20:15
1078,1462,distinta,2026-10-04 07:20:19
258,1006,distinta,2026-10-04 07:20:25
894,1258,distinta,2026-10-04 07:20:31
179,187,distinta,2026-10-04 07:20:38
250,1669,distinta,2026-10-04 07:20:49
2054,2060,distinta,2026-10-04 07:20:56
262,1260,distinta,2026-10-04 07:21:01
357,364,distinta,2026-10-04 07:21:25
1838,1843,distinta,2026-10-04 07:21:30
1827,1837,misma,2026-10-04 07:21:38
740,1234,distinta,2026-10-04 07:21:44
1811,1820,distinta,2026-10-04 07:21:52
1647,1767,misma,2026-10-04 07:22:08
757,934,distinta,2026-10-04 07:22:56
339,370,distinta,2026-10-04 07:23:03
832,839,distinta,2026-10-04 07:23:09
1378,1502,misma,2026-10-04 07:23:15
1553,1564,distinta,2026-10-04 07:23:21
226,614,distinta,2026-10-04 07:24:32
464,472,distinta,2026-10-04 07:24:44
1561,1661,misma,2026-10-04 07:25:37
558,568,distinta,2026-10-04 07:25:45
1437,1970,distinta,2026-10-04 07:25:49
35,46,distinta,2026-10-04 07:26:19
262,934,distinta,2026-10-04 15:59:43
267,789,distinta,2026-10-04 15:59:49
540,684,distinta,2026-10-04 15:59:55
41,46,distinta,2026-10-04 16:00:04
109,1021,distinta,2026-10-04 16:00:29
347,1147,distinta,2026-10-04 16:00:32
234,238,distinta,2026-10-04 16:00:39
749,1086,distinta,2026-10-04 16:00:46
477,1237,distinta,2026-10-04 16:00:51
113,118,distinta,2026-10-04 16:01:06
726,1258,distinta,2026-10-04 16:01:44
727,934,misma,2026-10-04 16:01:51
65,69,distinta,2026-10-04 16:01:55
438,450,distinta,2026-10-04 16:02:00
136,637,distinta,2026-10-04 16:02:08
614,1258,distinta,2026-10-04 16:02:17
1128,1246,distinta,2026-10-04 16:02:43
522,528,misma,2026-10-04 16:02:54
1006,1021,distinta,2026-10-04 16:03:02
1244,1252,distinta,2026-10-04 16:03:08
343,350,distinta,2026-10-04 16:03:13
546,1018,distinta,2026-10-04 16:03:19
2013,2199,misma,2026-10-04 16:03:26
497,1311,distinta,2026-10-04 16:03:36
2069,2074,misma,2026-10-04 16:03:41
546,746,distinta,2026-10-04 16:04:27
238,901,misma,2026-10-04 16:04:33
1579,1679,misma,2026-10-04 16:04:39
1917,1949,distinta,2026-10-04 16:04:44
1112,1120,distinta,2026-10-04 16:04:48
577,867,distinta,2026-10-04 16:05:16
1323,1871,distinta,2026-10-04 16:05:24
1145,1152,misma,2026-10-04 16:06:14
805,812,distinta,2026-10-04 16:06:22
1938,1948,misma,2026-10-04 16:06:34
805,1206,distinta,2026-10-04 16:06:39
40,47,distinta,2026-10-04 16:06:45
614,721,distinta,2026-10-04 16:06:50
1243,1254,distinta,2026-10-04 16:07:02
221,1136,distinta,2026-10-04 16:07:12
1125,1132,distinta,2026-10-04 16:07:20
2166,2178,distinta,2026-10-04 16:07:30
1614,1623,distinta,2026-10-04 16:07:39
2200,2205,distinta,2026-10-04 16:07:47
267,778,distinta,2026-10-04 16:07:55
1471,1476,distinta,2026-10-04 16:08:42
545,553,distinta,2026-10-04 16:08:48
727,1043,distinta,2026-10-04 16:08:54
265,826,misma,2026-10-04 16:09:09
48,941,distinta,2026-10-04 16:09:16
5,1137,distinta,2026-10-04 16:09:22
1043,1115,distinta,2026-10-04 16:09:27
1459,1472,misma,2026-10-04 16:09:37
1469,1476,distinta,2026-10-04 16:09:43
991,999,distinta,2026-10-04 16:09:50
174,183,distinta,2026-10-04 16:09:55
2117,2126,distinta,2026-10-04 16:10:06
1732,1739,distinta,2026-10-04 16:10:12
64,75,distinta,2026-10-04 16:10:28
410,594,distinta,2026-10-04 16:10:33
279,285,distinta,2026-10-04 16:10:38
603,1266,distinta,2026-10-04 16:10:48
1436,1444,distinta,2026-10-04 16:10:55
464,493,distinta,2026-10-04 16:11:02
625,631,distinta,2026-10-04 16:11:07
1653,1663,distinta,2026-10-04 16:11:19
782,825,distinta,2026-10-04 16:11:30
627,785,misma,2026-10-04 16:11:42
366,376,distinta,2026-10-04 16:11:55
740,792,misma,2026-10-04 16:12:09
1196,1197,distinta,2026-10-04 16:12:27
939,946,distinta,2026-10-04 16:12:32
1120,1124,misma,2026-10-04 16:12:43
546,936,distinta,2026-10-04 16:12:49
1810,2058,distinta,2026-10-04 16:12:54
2006,2016,distinta,2026-10-04 16:13:03
358,362,distinta,2026-10-04 16:13:09
936,1267,distinta,2026-10-04 16:13:14
62,1157,distinta,2026-10-04 16:13:24
546,1016,distinta,2026-10-04 16:13:34
262,826,distinta,2026-10-04 16:13:44
109,174,distinta,2026-10-04 16:13:50
1753,1760,distinta,2026-10-04 16:14:01
1832,1844,misma,2026-10-04 16:14:14
220,226,distinta,2026-10-04 16:14:21
397,1229,distinta,2026-10-04 16:14:32
777,823,distinta,2026-10-04 16:14:38
1189,1198,distinta,2026-10-04 16:14:52
1248,1252,distinta,2026-10-04 16:14:57
192,201,distinta,2026-10-04 16:15:13
494,1234,distinta,2026-10-04 16:15:24
