Modelo,Partición,Dif. máx.,Dif. media
SwinT,r0_f0,0.0014577557939529362,6.346279893387337e-05
SwinT,r0_f1,0.005416874391479531,4.786915048204728e-05
SwinT,r0_f2,0.0013377822799682804,3.826565911213865e-05
SwinT,r0_f3,0.001523881294250462,4.719714667595931e-05
SwinT,r0_f4,0.0031497512523651072,7.730058824280838e-05
SwinT,r1_f0,0.0029497181215667467,3.738846369762233e-05
SwinT,r1_f1,0.004061702695541403,4.0658883023222816e-05
SwinT,r1_f2,0.0021103015769958766,6.56174338664275e-05
SwinT,r1_f3,0.006055266053123481,5.9055365446401835e-05
SwinT,r1_f4,0.0012683486152649248,5.293935684535255e-05
SwinT,r2_f0,0.0023308064048767063,3.7199255322738355e-05
SwinT,r2_f1,0.0016531392829894909,5.572874358322647e-05
SwinT,r2_f2,0.002953231023788472,5.0583546524874584e-05
SwinT,r2_f3,0.0028773506707763796,4.632244534049062e-05
SwinT,r2_f4,0.002149922679748534,4.7607242980224516e-05
ConvNeXtT,r0_f0,0.0010453632542419544,6.094851824213636e-05
ConvNeXtT,r0_f1,0.0026873308166504017,5.762296791125349e-05
ConvNeXtT,r0_f2,0.002064761745758037,5.248278087385979e-05
ConvNeXtT,r0_f3,0.0016203375415038967,3.7916914966586526e-05
ConvNeXtT,r0_f4,0.000973582584571836,4.3392531002329456e-05
ConvNeXtT,r1_f0,0.005512475638961789,4.463113279996119e-05
ConvNeXtT,r1_f1,0.0008477280115509189,3.935931227930522e-05
ConvNeXtT,r1_f2,0.001498569720459031,5.481161379029737e-05
ConvNeXtT,r1_f3,0.002567586197662397,6.121972747100387e-05
ConvNeXtT,r1_f4,0.001112920223274222,7.631476760079489e-05
ConvNeXtT,r2_f0,0.0012052697532654033,4.031446907193663e-05
ConvNeXtT,r2_f1,0.0011271630859374937,3.858032297241888e-05
ConvNeXtT,r2_f2,0.0023768355945587016,5.0802073858756444e-05
ConvNeXtT,r2_f3,0.0012032276565551725,4.5134077611434246e-05
ConvNeXtT,r2_f4,0.003986533021240191,4.618357253366417e-05
DeiT,r0_f0,0.0012360611778259312,4.06449588145339e-05
DeiT,r0_f1,0.0015794541236877624,4.018976587123045e-05
DeiT,r0_f2,0.000747380627136196,2.5781376126767115e-05
DeiT,r0_f3,0.0024111272508239856,4.027836120664449e-05
DeiT,r0_f4,0.0016017764087677133,3.985253209798539e-05
DeiT,r1_f0,0.00152375993553161,2.1431483308760595e-05
DeiT,r1_f1,0.001160820664978024,3.932121801269082e-05
DeiT,r1_f2,0.0031337904220580803,4.9777075045330255e-05
DeiT,r1_f3,0.006776656663436881,5.169767095158508e-05
DeiT,r1_f4,0.0017187905489349231,6.469983146626936e-05
DeiT,r2_f0,0.0013669149059295505,4.01807827348459e-05
DeiT,r2_f1,0.0006522687644958669,2.2996523510301523e-05
DeiT,r2_f2,0.0012398930984497403,4.5594547057524854e-05
DeiT,r2_f3,0.0022482268219757295,4.789778462060677e-05
DeiT,r2_f4,0.001274615560607928,3.322853871292609e-05
EfficientNetV2S,r0_f0,0.0014027252109527488,8.127409748114625e-05
EfficientNetV2S,r0_f1,0.0034983424873352154,0.0001300931732298286
EfficientNetV2S,r0_f2,0.002328351696014419,0.00010766317358851652
EfficientNetV2S,r0_f3,0.0040961524723053255,0.00010613993377349876
EfficientNetV2S,r0_f4,0.0032065191463470644,5.3027662669908854e-05
EfficientNetV2S,r1_f0,0.005677017826843267,8.421489951087845e-05
EfficientNetV2S,r1_f1,0.002841668044280987,6.294890382963853e-05
EfficientNetV2S,r1_f2,0.00430935808486943,0.00014867533429817234
EfficientNetV2S,r1_f3,0.004243975654983523,0.00011379142448306257
EfficientNetV2S,r1_f4,0.0013954550376892305,8.717030762651489e-05
EfficientNetV2S,r2_f0,0.004131193383102416,6.570113390886242e-05
EfficientNetV2S,r2_f1,0.003841121462707514,0.000112085651988631
EfficientNetV2S,r2_f2,0.0028016306643676714,0.00012040916901725876
EfficientNetV2S,r2_f3,0.004631671916809077,0.00012792555904353472
EfficientNetV2S,r2_f4,0.005465685641632079,9.681003569869318e-05
ResNet50,r0_f0,0.0022013156523895128,0.00012051050743253314
ResNet50,r0_f1,0.0042156976825714065,0.0001259845875900373
ResNet50,r0_f2,0.0015878121049499594,9.983602011544455e-05
ResNet50,r0_f3,0.002778655354309101,6.151586523632895e-05
ResNet50,r0_f4,0.004065755577087438,8.941460356916383e-05
ResNet50,r1_f0,0.004150659325408923,5.936212989939239e-05
ResNet50,r1_f1,0.002986606819305404,6.315083077213028e-05
ResNet50,r1_f2,0.004774871918487578,7.079849092391405e-05
ResNet50,r1_f3,0.0030147174483490247,0.00013697516919431642
ResNet50,r1_f4,0.002214015181426998,0.00012018017018169445
ResNet50,r2_f0,0.002026415592193631,5.942815569369931e-05
ResNet50,r2_f1,0.0010798015473938438,4.623322751228772e-05
ResNet50,r2_f2,0.004187105422325144,0.00013712777529049716
ResNet50,r2_f3,0.002754751584167492,7.474027664054812e-05
ResNet50,r2_f4,0.005017038761138903,6.138186692008459e-05
