phase,epoch_global,train_loss,train_acc,train_auc,val_loss,val_acc,val_auc,lr,seconds
1,1,0.6063391721248627,0.673125,0.7327786377708978,0.65965127424129,0.5922330097087378,0.809084699453552,0.001,9.556424856185913
1,2,0.5048554879426956,0.8,0.8688405268463497,0.5952933610064312,0.7135922330097088,0.8437256049960967,0.001,3.701247453689575
1,3,0.4470287132263184,0.820625,0.8936006985695563,0.551237571586683,0.7378640776699029,0.8632903981264637,0.001,3.6966631412506104
1,4,0.41658195972442624,0.838125,0.9048379339240469,0.5180640648869634,0.7766990291262136,0.8708040593286495,0.001,2.6936779022216797
1,5,0.4130455279350281,0.835,0.8943278401860802,0.4950292075721963,0.7766990291262136,0.8758782201405152,0.001,1.3819870948791504
1,6,0.3789441031217575,0.85125,0.9181710548103991,0.5023389244542539,0.7669902912621359,0.8811963309914129,0.001,1.6675710678100586
1,7,0.388496458530426,0.845,0.9029851362988011,0.4843306570377165,0.7815533980582524,0.8842213114754098,0.001,1.423774003982544
1,8,0.3755630093812943,0.8425,0.912224729271693,0.46493512044832547,0.8009708737864077,0.885831381733021,0.001,1.7175638675689697
1,9,0.3724668973684311,0.855,0.9096187357164488,0.45935733225739117,0.8058252427184466,0.8900273224043715,0.001,1.7160983085632324
1,10,0.3609491896629333,0.850625,0.9144036890305027,0.4471134161486209,0.7961165048543689,0.8914910226385635,0.001,1.9166934490203857
1,11,0.35684925943613055,0.850625,0.9190312965722802,0.4458334197118444,0.8009708737864077,0.8941256830601093,0.001,2.57357120513916
1,12,0.3587718725204468,0.85375,0.9145820627372813,0.4480853098110088,0.8058252427184466,0.8950039032006245,0.001,1.6234767436981201
1,13,0.35323277324438096,0.855625,0.9181309950473804,0.4329482525297739,0.8106796116504854,0.8962236533957846,0.001,2.0210747718811035
1,14,0.34037003964185714,0.865,0.9248117938133418,0.4415269424614397,0.8058252427184466,0.8957845433255268,0.001,2.9187376499176025
1,15,0.34363566726446154,0.86125,0.9254588505084347,0.4253644225666824,0.8203883495145631,0.896028493364559,0.001,1.718567132949829
1,16,0.33672708153724673,0.8675,0.9241597251697793,0.43075091514772584,0.8155339805825242,0.8951014832162372,0.001,1.6264903545379639
1,17,0.3293765166401863,0.869375,0.9280491717604721,0.4187601035081067,0.8300970873786407,0.8960284933645589,0.001,1.336047649383545
1,18,0.33649297326803207,0.8575,0.9246313983717985,0.43127429716795396,0.8058252427184466,0.898467993754879,0.001,1.8048582077026367
1,19,0.3554876971244812,0.85625,0.9115126676602086,0.4229602715344105,0.8155339805825242,0.8971018735362998,0.001,2.4056079387664795
1,20,0.32834531128406524,0.87,0.926059494398685,0.41874943138326254,0.8155339805825242,0.8977849336455893,0.001,2.3705689907073975
2,21,0.3151494058966637,0.869375,0.9311349130901485,0.3707221474462343,0.8446601941747572,0.9152029664324746,1e-05,9.60752248764038
2,22,0.2551569566130638,0.90125,0.9559268152624864,0.3265331717370783,0.8640776699029126,0.9357435597189696,1e-05,6.426370143890381
2,23,0.1885273475944996,0.933125,0.9772829821943008,0.2959822595698162,0.8737864077669902,0.9511124121779859,1e-05,5.697924613952637
2,24,0.1594523388892412,0.94375,0.9825027250058481,0.2515758189182837,0.8883495145631068,0.9599921935987509,1e-05,6.729562759399414
2,25,0.13436606228351594,0.95625,0.9878346829180192,0.2249571929857569,0.9077669902912622,0.9686768149882904,1e-05,4.862381219863892
2,26,0.11721052803099155,0.955,0.9905227104337011,0.20045015360545188,0.9077669902912622,0.9739461358313818,1e-05,5.48856258392334
2,27,0.09705877471715212,0.96875,0.9935700231184602,0.18584267983158814,0.912621359223301,0.9781420765027323,1e-05,5.64045524597168
2,28,0.08866438072174787,0.96875,0.9943365494706877,0.1694101216723618,0.9223300970873787,0.9807767369242779,1e-05,5.457491874694824
2,29,0.0783249532431364,0.9725,0.9961002619671351,0.1484993369255251,0.9271844660194175,0.9867291178766588,1e-05,3.44589900970459
2,30,0.06302215486764907,0.97875,0.9978587874009761,0.1403588340120408,0.9514563106796117,0.9881928181108509,1e-05,5.301267862319946
2,31,0.06066125247627497,0.9775,0.9978890474036443,0.1347153551370195,0.9563106796116505,0.9892661982825918,1e-05,5.120251655578613
2,32,0.055978441592305896,0.98,0.9981446970500849,0.1272381837796239,0.9563106796116505,0.9905835284933645,1e-05,5.343417406082153
2,33,0.04337503551505506,0.986875,0.9989649622384549,0.12555424420578967,0.9514563106796117,0.9912665886026542,1e-05,4.429013252258301
2,34,0.03591767852194607,0.98875,0.9994549094488969,0.11861359588440182,0.9563106796116505,0.991608118657299,1e-05,2.9492766857147217
2,35,0.024178147604689,0.99375,0.9998773079371817,0.11371124398361132,0.9563106796116505,0.9922911787665887,1e-05,5.499192237854004
2,36,0.02955662302672863,0.9925,0.9996750218305945,0.11427981428150992,0.9563106796116505,0.9923887587822015,1e-05,5.257758855819702
2,37,0.02557805588468909,0.9925,0.9997403482310603,0.11423858739797352,0.9514563106796117,0.992583918813427,1e-05,4.441637754440308
2,38,0.027000439767725766,0.990625,0.9997021243498451,0.10816108363056645,0.9514563106796117,0.9931693989071039,1e-05,3.911534309387207
2,39,0.015776761784218253,0.998125,0.9999933594969155,0.1111793451517531,0.9611650485436893,0.993071818891491,1e-05,4.233775615692139
2,40,0.018529228367842734,0.994375,0.9998960009904667,0.10399563400780112,0.9563106796116505,0.9937060889929743,1e-05,4.965662240982056
2,41,0.015431390055455267,0.995,0.9999338054110767,0.09510781243443489,0.9563106796116505,0.9951209992193598,1e-05,3.6650550365448
2,42,0.012353683612309397,0.9975,0.9999901013620526,0.09655665436271325,0.9563106796116505,0.9946330991412958,1e-05,4.08598256111145
2,43,0.013960414645262063,0.995,0.9999420433846664,0.09483830167830569,0.9563106796116505,0.9949258391881343,1e-05,2.4552831649780273
2,44,0.012583847950445488,0.995625,0.999973538673229,0.09363864134382276,0.9563106796116505,0.9952185792349726,1e-05,2.5596628189086914
2,45,0.01111187122296542,0.9975,0.9999444214941161,0.0934054333969806,0.9611650485436893,0.9948770491803278,1e-05,3.149080753326416
2,46,0.00897357648704201,0.998125,0.9999851155036913,0.09566442277824995,0.9611650485436893,0.9947306791569087,1e-05,3.119497060775757
2,47,0.009081135550513864,0.998125,0.9999884445544963,0.1006011272807723,0.9660194174757282,0.9943891491022637,1e-05,3.0123414993286133
2,48,0.0069344498810824,0.998125,0.9999966984441419,0.09303563735583453,0.9563106796116505,0.9951209992193598,1e-05,3.022235631942749
2,49,0.005742198252119124,0.999375,1.0,0.09819027481293216,0.9611650485436893,0.9946330991412959,1e-05,3.1960153579711914
2,50,0.006657576879952103,0.99875,0.9999884303448914,0.10108198413571108,0.9563106796116505,0.9940476190476191,1e-05,3.162656784057617
2,51,0.008562192789977417,0.99875,0.999953692678151,0.10856782558184226,0.9514563106796117,0.9932669789227166,1e-05,3.5863916873931885
2,52,0.003942678292514756,0.999375,0.9999983430513373,0.10398443169819499,0.9611650485436893,0.9940964090554255,5e-06,3.7117762565612793
2,53,0.005085731716826558,0.999375,1.0,0.09802002591777195,0.9514563106796117,0.9948282591725214,5e-06,2.845463514328003
2,54,0.004243347505107522,1.0,0.9999999999999999,0.0992542519731429,0.9563106796116505,0.994535519125683,5e-06,2.5226333141326904
2,55,0.004295197630417533,0.999375,0.9999983471921272,0.09995736890626185,0.9611650485436893,0.9944379391100702,5e-06,2.9920389652252197
2,56,0.003934559584595263,0.999375,1.0,0.10090841056363097,0.9514563106796117,0.9947306791569086,2.5e-06,2.9322056770324707
