Modelo,Repetición,Esp. sanas usadas (fuera de pliegue),Esp. sanas no usadas,Diferencia,IC95 inf,IC95 sup
SwinT,0,0.9692429022082019,0.9621041879468846,-0.007138714261317292,-0.020234040832954638,0.01395483066508036
SwinT,1,0.9621451104100947,0.9582226762002042,-0.0039224342098904685,-0.02013214191092807,0.020907303618447306
SwinT,2,0.9708201892744479,0.9616956077630235,-0.009124581511424368,-0.020969118676325043,0.00771575315045718
ConvNeXtT,0,0.9755520504731862,0.9575076608784474,-0.018044389594738752,-0.03105330276380893,-0.0018797185559805436
ConvNeXtT,1,0.9684542586750788,0.951685393258427,-0.01676886541665179,-0.031198563908359823,0.0044204079050403355
ConvNeXtT,2,0.9747634069400631,0.9582226762002043,-0.016540730739858844,-0.0279645339378185,-0.0008823566419403556
DeiT,0,0.9676656151419558,0.9648621041879468,-0.002803510954008992,-0.014664323110358913,0.015931178169710253
DeiT,1,0.9716088328075709,0.9639427987742595,-0.007666034033311453,-0.020184769976555456,0.011263748428761856
DeiT,2,0.9676656151419558,0.9674157303370787,-0.0002498848048770874,-0.011569775927092584,0.015313079424934577
EfficientNetV2S,0,0.9716088328075709,0.9530132788559755,-0.0185955539515954,-0.03396670821496665,0.0043080131838541405
EfficientNetV2S,1,0.9692429022082019,0.9478038815117468,-0.02143902069645509,-0.03471559692780617,-0.001296450741815463
EfficientNetV2S,2,0.9692429022082019,0.9549540347293157,-0.014288867478886136,-0.028235776751802617,0.006680671076949743
ResNet50,0,0.9755520504731862,0.9633299284984679,-0.01222212197471828,-0.023208085565116103,0.0037421853432724798
ResNet50,1,0.9684542586750788,0.9616956077630235,-0.006758650912055297,-0.023664132975153466,0.01626782973818966
ResNet50,2,0.9676656151419558,0.9555669050051072,-0.0120987101368486,-0.025086967069415815,0.005138702588986573
