Modelo,Partición,Repetición,Esp. no usadas (0.5),FP no usadas (0.5),Esp. no usadas (umbral val.),"Esp. no usadas, fuente A (0.5)","Esp. no usadas, fuente B (0.5)",Esp. pliegue de prueba (0.5),Esp. pliegue de prueba (umbral val.),AUC pliegue de prueba,AUC con negativos nuevos,Esp. incluyendo gemelas (0.5),Esp. sin vínculos dudosos (0.5),Esp. escena mano + recipiente (0.5),Esp. resto de escenas (0.5)
ConvNeXtT,r0_f0,0,0.9514811031664965,95,0.975485188968335,0.9369918699186992,0.995850622406639,0.9811320754716981,1.0,0.9975343053173242,0.9931690500510726,0.9484585741811176,0.9687933425797504,0.30337078651685395,0.9823434991974318
ConvNeXtT,r0_f1,0,0.958120531154239,82,0.9310520939734422,0.9471544715447154,0.991701244813278,0.9710982658959537,0.953757225433526,0.9905509459718875,0.987412790368966,0.9566473988439307,0.9674063800277393,0.5056179775280899,0.9796682718031032
ConvNeXtT,r0_f2,0,0.9438202247191011,110,0.9203268641470889,0.9281842818428184,0.991701244813278,0.96,0.9333333333333333,0.9871372549019608,0.9913056540287208,0.9417148362235067,0.9590846047156727,0.30337078651685395,0.9743178170144462
ConvNeXtT,r0_f3,0,0.9673135852911133,64,0.9759959141981613,0.9579945799457995,0.995850622406639,0.9874213836477987,0.989517819706499,0.9936203282006795,0.989162498679159,0.9677263969171483,0.9694868238557559,0.7528089887640449,0.9775280898876404
ConvNeXtT,r0_f4,0,0.966802860061287,65,0.9662921348314607,0.959349593495935,0.9896265560165975,0.9621212121212122,0.9621212121212122,0.9956918081918081,0.9952491328895823,0.9672447013487476,0.970873786407767,0.7303370786516854,0.9780631353665061
ConvNeXtT,r1_f0,1,0.9724208375893769,54,0.9693564862104188,0.9654471544715447,0.9937759336099585,0.988795518207283,0.988795518207283,0.9951328048950077,0.9911184520316721,0.9725433526011561,0.9750346740638003,0.797752808988764,0.9807383627608347
ConvNeXtT,r1_f1,1,0.9713993871297242,56,0.991317671092952,0.9627371273712737,0.9979253112033195,0.9618320610687023,0.9847328244274809,0.9896764812795347,0.989070480081716,0.9715799614643545,0.9791955617198336,0.651685393258427,0.9866238630283574
ConvNeXtT,r1_f2,1,0.940755873340143,116,0.7870275791624106,0.924119241192412,0.991701244813278,0.9565217391304348,0.8260869565217391,0.9809057479401412,0.9774747305352705,0.9378612716763006,0.9563106796116505,0.2247191011235955,0.9748528624933119
ConvNeXtT,r1_f3,1,0.9657814096016343,67,0.9882533197139939,0.9579945799457995,0.9896265560165975,0.9711286089238845,0.984251968503937,0.9943569553805774,0.9928521682607484,0.9653179190751445,0.9694868238557559,0.7640449438202247,0.9753879079721777
ConvNeXtT,r1_f4,1,0.9080694586312564,180,0.8534218590398366,0.8848238482384824,0.979253112033195,0.9383561643835616,0.910958904109589,0.9880237122486581,0.9819006146622942,0.9060693641618497,0.9257975034674064,0.033707865168539325,0.9497057249866239
ConvNeXtT,r2_f0,2,0.9591419816138917,80,0.9790602655771196,0.9464769647696477,0.9979253112033195,0.9586776859504132,0.9752066115702479,0.9971916873946882,0.9985818697501909,0.9556840077071291,0.9722607489597781,0.42696629213483145,0.9844836811128946
ConvNeXtT,r2_f1,2,0.9678243105209398,63,0.9576098059244127,0.9586720867208672,0.995850622406639,0.9894736842105263,0.9789473684210527,0.9930318754633062,0.9905084233696356,0.9677263969171483,0.9722607489597781,0.7078651685393258,0.980203317281969
ConvNeXtT,r2_f2,2,0.9433094994892748,111,0.9519918283963228,0.9295392953929539,0.9854771784232366,0.9756944444444444,0.9791666666666666,0.99167056803995,0.986130079994491,0.941233140655106,0.957004160887656,0.3595505617977528,0.971107544141252
ConvNeXtT,r2_f3,2,0.9484167517875383,101,0.9642492339121552,0.9349593495934959,0.9896265560165975,0.9717514124293786,0.9717514124293786,0.9934701757374442,0.9922133650889791,0.9455684007707129,0.957004160887656,0.4606741573033708,0.9716425896201177
ConvNeXtT,r2_f4,2,0.9724208375893769,54,0.9356486210418795,0.9654471544715447,0.9937759336099585,0.9765886287625418,0.9464882943143813,0.9909035866682043,0.9886759888697122,0.9725433526011561,0.9750346740638003,0.7640449438202247,0.9823434991974318
DeiT,r0_f0,0,0.966802860061287,65,0.9284984678243106,0.959349593495935,0.9896265560165975,0.9811320754716981,0.9339622641509434,0.9975343053173242,0.996610641656607,0.9667630057803468,0.9667128987517337,0.8314606741573034,0.9732477260567148
DeiT,r0_f1,0,0.9673135852911133,64,0.9811031664964249,0.9579945799457995,0.995850622406639,0.9739884393063584,0.9942196531791907,0.9870528763091099,0.9817778514863801,0.9667630057803468,0.9694868238557559,0.7752808988764045,0.976457998929909
DeiT,r0_f2,0,0.9591419816138917,80,0.9647599591419816,0.948509485094851,0.991701244813278,0.92,0.9333333333333333,0.9843921568627451,0.9870335876945262,0.9595375722543352,0.9597780859916782,0.7752808988764045,0.9678972712680578
DeiT,r0_f3,0,0.9688457609805925,61,0.9724208375893769,0.9607046070460704,0.9937759336099585,0.9706498951781971,0.9727463312368972,0.9897346924022267,0.9873617519636505,0.9701348747591522,0.9625520110957004,0.9662921348314607,0.9689673622257892
DeiT,r0_f4,0,0.9622063329928499,74,0.9749744637385087,0.9539295392953929,0.9875518672199171,0.9621212121212122,0.9696969696969697,0.9902389277389277,0.9901278496784115,0.9629094412331407,0.9583911234396671,0.8764044943820225,0.9662921348314607
DeiT,r1_f0,1,0.9795709908069459,40,0.9713993871297242,0.9735772357723578,0.9979253112033195,0.988795518207283,0.9831932773109243,0.9920336929097879,0.9865581466107404,0.9807321772639692,0.9757281553398058,0.9775280898876404,0.9796682718031032
DeiT,r1_f1,1,0.9795709908069459,40,0.9770173646578141,0.9749322493224932,0.9937759336099585,0.9541984732824428,0.9541984732824428,0.9864412940748819,0.9910258281044798,0.9792870905587668,0.9771151178918169,0.9438202247191011,0.9812734082397003
DeiT,r1_f2,1,0.9489274770173647,100,0.8866189989785496,0.9349593495934959,0.991701244813278,0.9486166007905138,0.9169960474308301,0.9813776964977484,0.9798428694118784,0.9489402697495183,0.9507628294036061,0.6741573033707865,0.962011771000535
DeiT,r1_f3,1,0.966802860061287,65,0.9795709908069459,0.9634146341463414,0.9771784232365145,0.9816272965879265,0.984251968503937,0.9919470293486041,0.990595691336243,0.9667630057803468,0.9604715672676838,0.9213483146067416,0.9689673622257892
DeiT,r1_f4,1,0.9448416751787538,108,0.8850868232890705,0.9308943089430894,0.9875518672199171,0.958904109589041,0.8698630136986302,0.991989105183049,0.9913505247627068,0.9446050096339114,0.9438280166435506,0.6853932584269663,0.9571963616907437
DeiT,r2_f0,2,0.9734422880490297,52,0.9790602655771196,0.9661246612466124,0.995850622406639,0.9586776859504132,0.9586776859504132,0.9973521624007061,0.9980612275256107,0.9739884393063584,0.9750346740638003,0.8426966292134831,0.9796682718031032
DeiT,r2_f1,2,0.975485188968335,48,0.9882533197139939,0.9681571815718157,0.9979253112033195,0.968421052631579,0.9894736842105263,0.9910303928836175,0.988458329137234,0.976878612716763,0.9750346740638003,0.898876404494382,0.9791332263242376
DeiT,r2_f2,2,0.9438202247191011,110,0.924923391215526,0.9288617886178862,0.9896265560165975,0.9652777777777778,0.9513888888888888,0.9844270183104452,0.9768987692860941,0.9426782273603083,0.941747572815534,0.7191011235955056,0.9545211342964152
DeiT,r2_f3,2,0.9770173646578141,45,0.9157303370786517,0.9715447154471545,0.9937759336099585,0.9774011299435028,0.8926553672316384,0.9872810379581523,0.9879941074114186,0.9759152215799615,0.9764216366158114,0.8764044943820225,0.9818084537185661
DeiT,r2_f4,2,0.9673135852911133,64,0.9264555669050051,0.9634146341463414,0.979253112033195,0.9698996655518395,0.9464882943143813,0.9890439395686772,0.9863138846817654,0.9677263969171483,0.9604715672676838,0.9775280898876404,0.9668271803103263
EfficientNetV2S,r0_f0,0,0.9473953013278856,103,0.9811031664964249,0.9363143631436315,0.9813278008298755,0.9811320754716981,0.9905660377358491,0.9977487135506004,0.9934128052743987,0.9465317919075145,0.9507628294036061,0.5393258426966292,0.9668271803103263
EfficientNetV2S,r0_f1,0,0.9525025536261491,93,0.9009193054136875,0.9417344173441734,0.9854771784232366,0.9682080924855492,0.9450867052023122,0.989687093402726,0.984169402470327,0.9518304431599229,0.9576976421636616,0.550561797752809,0.9716425896201177
EfficientNetV2S,r0_f2,0,0.9387129724208376,120,0.9387129724208376,0.9281842818428184,0.970954356846473,0.8933333333333333,0.8933333333333333,0.9826666666666667,0.988827134531034,0.9378612716763006,0.9403606102635229,0.5056179775280899,0.9593365436062066
EfficientNetV2S,r0_f3,0,0.9678243105209398,63,0.9647599591419816,0.9600271002710027,0.991701244813278,0.9853249475890985,0.9853249475890985,0.9841050386756308,0.9737967137473142,0.9662813102119461,0.9667128987517337,0.8089887640449438,0.9753879079721777
EfficientNetV2S,r0_f4,0,0.9586312563840653,81,0.9545454545454546,0.9512195121951219,0.9813278008298755,0.9696969696969697,0.9696969696969697,0.992049617049617,0.991626351176913,0.9590558766859345,0.9597780859916782,0.7415730337078652,0.9689673622257892
EfficientNetV2S,r1_f0,1,0.9371807967313586,123,0.9693564862104188,0.924119241192412,0.9771784232365145,0.9859943977591037,0.9915966386554622,0.9928482031110317,0.9851092807105238,0.9373795761078998,0.9306518723994452,0.7303370786516854,0.9470304975922953
EfficientNetV2S,r1_f1,1,0.9601634320735445,78,0.9484167517875383,0.9525745257452575,0.983402489626556,0.9541984732824428,0.9541984732824428,0.9878226099600146,0.9902937886083953,0.9605009633911368,0.9625520110957004,0.6853932584269663,0.9732477260567148
EfficientNetV2S,r1_f2,1,0.9453524004085802,107,0.8784473953013279,0.9342818428184282,0.979253112033195,0.9407114624505929,0.8735177865612648,0.9851532849586061,0.984017603504439,0.9441233140655106,0.9466019417475728,0.550561797752809,0.9641519529159979
EfficientNetV2S,r1_f3,1,0.9744637385086823,50,0.9902962206332993,0.9715447154471545,0.983402489626556,0.9816272965879265,0.989501312335958,0.9904199475065617,0.9879608134460024,0.9735067437379576,0.9736477115117892,0.8764044943820225,0.9791332263242376
EfficientNetV2S,r1_f4,1,0.9218590398365679,153,0.8432073544433095,0.9031165311653117,0.979253112033195,0.958904109589041,0.8835616438356164,0.9902667627974044,0.9857444940236189,0.9195568400770713,0.9271844660194175,0.38202247191011235,0.947565543071161
EfficientNetV2S,r2_f0,2,0.9601634320735445,78,0.9448416751787538,0.9518970189701897,0.9854771784232366,0.9586776859504132,0.9586776859504132,0.9938217122683143,0.9970224223251386,0.958092485549133,0.9618585298196949,0.6741573033707865,0.9737827715355806
EfficientNetV2S,r2_f1,2,0.9525025536261491,93,0.9622063329928499,0.9417344173441734,0.9854771784232366,0.9894736842105263,0.9894736842105263,0.9911045218680505,0.9863147218345826,0.9523121387283237,0.9500693481276006,0.7303370786516854,0.9630818619582665
EfficientNetV2S,r2_f2,2,0.9438202247191011,110,0.8968335035750766,0.9288617886178862,0.9896265560165975,0.9722222222222222,0.9340277777777778,0.9828209529754474,0.9739568389360083,0.9426782273603083,0.9431345353675451,0.5955056179775281,0.9604066345639379
EfficientNetV2S,r2_f3,2,0.9535240040858018,91,0.9371807967313586,0.9424119241192412,0.9875518672199171,0.943502824858757,0.9322033898305084,0.9906027311699742,0.9903154690716094,0.9527938342967245,0.9507628294036061,0.7303370786516854,0.9641519529159979
EfficientNetV2S,r2_f4,2,0.9647599591419816,69,0.9637385086823289,0.9579945799457995,0.9854771784232366,0.9765886287625418,0.9765886287625418,0.9926623226848115,0.9896952379275122,0.9638728323699421,0.9639389736477115,0.7865168539325843,0.9732477260567148
ResNet50,r0_f0,0,0.975485188968335,48,0.9759959141981613,0.9688346883468835,0.995850622406639,0.9905660377358491,0.9905660377358491,0.99721269296741,0.9960302720772588,0.9744701348747592,0.9812760055478502,0.7078651685393258,0.9882289994649546
ResNet50,r0_f1,0,0.9576098059244127,83,0.965270684371808,0.94579945799458,0.9937759336099585,0.9710982658959537,0.976878612716763,0.9847172749184139,0.9804925577345661,0.9571290944123314,0.9611650485436893,0.6292134831460674,0.9732477260567148
ResNet50,r0_f2,0,0.9514811031664965,95,0.947906026557712,0.9383468834688347,0.991701244813278,0.92,0.92,0.9847058823529412,0.9851529171423422,0.9513487475915221,0.9604715672676838,0.5056179775280899,0.9727126805778491
ResNet50,r0_f3,0,0.9596527068437181,79,0.9729315628192032,0.9471544715447154,0.9979253112033195,0.9748427672955975,0.9811320754716981,0.9878732017638979,0.9817745940614984,0.9585741811175337,0.9563106796116505,0.7752808988764045,0.9684323167469235
ResNet50,r0_f4,0,0.9724208375893769,54,0.9611848825331971,0.9640921409214093,0.9979253112033195,0.9924242424242424,0.9696969696969697,0.9937770562770563,0.9916684439156349,0.9725433526011561,0.9729542302357836,0.7752808988764045,0.9818084537185661
ResNet50,r1_f0,1,0.9795709908069459,40,0.9734422880490297,0.9735772357723578,0.9979253112033195,0.9971988795518207,0.9943977591036415,0.9935832489023978,0.989752895920718,0.9797687861271677,0.9791955617198336,0.8651685393258427,0.9850187265917603
ResNet50,r1_f1,1,0.9744637385086823,50,0.9770173646578141,0.9668021680216802,0.9979253112033195,0.9694656488549618,0.9694656488549618,0.9860050890585241,0.988888078213921,0.9730250481695568,0.9764216366158114,0.7640449438202247,0.9844836811128946
ResNet50,r1_f2,1,0.973953013278856,51,0.9703779366700716,0.9695121951219512,0.9875518672199171,0.9762845849802372,0.9762845849802372,0.9857432206556151,0.9851686409627043,0.9720616570327553,0.9771151178918169,0.7865168539325843,0.9828785446762975
ResNet50,r1_f3,1,0.9346271705822268,128,0.9749744637385087,0.9220867208672087,0.9730290456431535,0.937007874015748,0.979002624671916,0.9869482223812932,0.9858714829603492,0.9335260115606936,0.9375866851595007,0.6179775280898876,0.9497057249866239
ResNet50,r1_f4,1,0.9458631256384066,106,0.9734422880490297,0.9302168021680217,0.9937759336099585,0.9657534246575342,0.9863013698630136,0.9961547704878635,0.9928020596264239,0.9431599229287091,0.9576976421636616,0.3595505617977528,0.9737827715355806
ResNet50,r2_f0,2,0.9790602655771196,41,0.9790602655771196,0.9742547425474255,0.9937759336099585,0.9421487603305785,0.9421487603305785,0.9947043248014121,0.9987107906819918,0.9783236994219653,0.978502080443828,0.8651685393258427,0.9844836811128946
ResNet50,r2_f1,2,0.9627170582226762,73,0.966802860061287,0.9532520325203252,0.991701244813278,0.9578947368421052,0.9578947368421052,0.9884358784284656,0.9858327698571409,0.9624277456647399,0.9674063800277393,0.6966292134831461,0.9753879079721777
ResNet50,r2_f2,2,0.9203268641470889,156,0.9014300306435138,0.8970189701897019,0.991701244813278,0.9652777777777778,0.9496527777777778,0.9826648980441116,0.9747334473379163,0.9176300578034682,0.9348127600554785,0.21348314606741572,0.9539860888175495
ResNet50,r2_f3,2,0.9525025536261491,93,0.9586312563840653,0.9410569105691057,0.9875518672199171,0.9717514124293786,0.9774011299435028,0.9942083297845157,0.9924007165551968,0.9527938342967245,0.9521497919556172,0.6741573033707865,0.965757089352595
ResNet50,r2_f4,2,0.9632277834525026,72,0.966802860061287,0.9552845528455285,0.9875518672199171,0.9832775919732442,0.9832775919732442,0.9902404566947295,0.9869831108449861,0.9624277456647399,0.9625520110957004,0.7415730337078652,0.9737827715355806
SwinT,r0_f0,0,0.9550561797752809,88,0.9473953013278856,0.9417344173441734,0.995850622406639,0.9811320754716981,0.9811320754716981,0.99721269296741,0.9955543690221933,0.953757225433526,0.9611650485436893,0.5730337078651685,0.9732477260567148
SwinT,r0_f1,0,0.9570990806945863,84,0.9622063329928499,0.9451219512195121,0.9937759336099585,0.9682080924855492,0.9710982658959537,0.9937077405456136,0.9926481951234222,0.9561657032755299,0.963245492371706,0.5730337078651685,0.9753879079721777
SwinT,r0_f2,0,0.9616956077630235,75,0.9295199182839632,0.9505420054200542,0.995850622406639,0.9066666666666666,0.8933333333333333,0.987764705882353,0.992303070359911,0.9614643545279383,0.9611650485436893,0.7640449438202247,0.971107544141252
SwinT,r0_f3,0,0.9576098059244127,83,0.9673135852911133,0.9444444444444444,0.9979253112033195,0.9769392033542977,0.9874213836477987,0.9932769464324442,0.9893518192384911,0.9585741811175337,0.9466019417475728,0.9775280898876404,0.956661316211878
SwinT,r0_f4,0,0.9790602655771196,41,0.9647599591419816,0.9728997289972899,0.9979253112033195,0.9696969696969697,0.9583333333333334,0.9936729936729938,0.996537170694474,0.9788053949903661,0.9750346740638003,0.9438202247191011,0.9807383627608347
SwinT,r1_f0,1,0.9851889683350358,29,0.9821246169560777,0.981029810298103,0.9979253112033195,0.988795518207283,0.988795518207283,0.9950930726900689,0.9912524721274423,0.9845857418111753,0.9826629680998613,0.9662921348314607,0.9860888175494917
SwinT,r1_f1,1,0.9805924412665986,38,0.982635342185904,0.975609756097561,0.995850622406639,0.9541984732824428,0.9541984732824428,0.9876408578698656,0.9938445449681405,0.9802504816955684,0.9812760055478502,0.8876404494382022,0.9850187265917603
SwinT,r1_f2,1,0.9198161389172625,157,0.8508682328907048,0.8976964769647696,0.9875518672199171,0.9288537549407114,0.8893280632411067,0.9915639195327709,0.9899455734605828,0.918111753371869,0.9292649098474342,0.25842696629213485,0.951310861423221
SwinT,r1_f3,1,0.9657814096016343,67,0.9570990806945863,0.9586720867208672,0.9875518672199171,0.968503937007874,0.952755905511811,0.9956096397041279,0.9960534868604327,0.9638728323699421,0.9611650485436893,0.8651685393258427,0.9705724986623863
SwinT,r1_f4,1,0.9397344228804902,118,0.9254341164453525,0.9234417344173442,0.9896265560165975,0.9452054794520548,0.9246575342465754,0.9970359689177282,0.9961232669689204,0.9378612716763006,0.9472954230235784,0.449438202247191,0.9630818619582665
SwinT,r2_f0,2,0.9749744637385087,49,0.9642492339121552,0.967479674796748,0.9979253112033195,0.9669421487603306,0.9669421487603306,0.996469549867608,0.9996082787072206,0.9739884393063584,0.9778085991678225,0.7640449438202247,0.9850187265917603
SwinT,r2_f1,2,0.9693564862104188,60,0.9734422880490297,0.9600271002710027,0.9979253112033195,0.9894736842105263,0.9894736842105263,0.9970348406226834,0.99507258052914,0.9682080924855492,0.9694868238557559,0.797752808988764,0.9775280898876404
SwinT,r2_f2,2,0.9392236976506639,119,0.8615934627170582,0.9200542005420054,0.9979253112033195,0.9739583333333334,0.9253472222222222,0.9866247919267582,0.9819065544983989,0.9378612716763006,0.9431345353675451,0.5280898876404494,0.9588014981273408
SwinT,r2_f3,2,0.95658835546476,85,0.9851889683350358,0.9451219512195121,0.991701244813278,0.96045197740113,0.9830508474576272,0.9948613122107713,0.9952109885484623,0.9556840077071291,0.957004160887656,0.7078651685393258,0.9684323167469235
SwinT,r2_f4,2,0.9683350357507661,62,0.9468845760980592,0.959349593495935,0.995850622406639,0.9665551839464883,0.939799331103679,0.9948391189020873,0.9937392131309218,0.9677263969171483,0.9660194174757282,0.8539325842696629,0.9737827715355806
