,SwinT,ConvNeXtT,DeiT,EfficientNetV2S,ResNet50
"FP no usadas (0.5), media",77.0,86.5,67.7,94.1,77.9
Esp. no usadas (0.5),0.961 ± 0.018,0.956 ± 0.017,0.965 ± 0.012,0.952 ± 0.013,0.960 ± 0.017
Esp. no usadas (umbral val.),0.947 ± 0.041,0.943 ± 0.055,0.950 ± 0.036,0.938 ± 0.041,0.964 ± 0.019
"Esp. no usadas, fuente A (0.5)",0.950 ± 0.023,0.944 ± 0.022,0.957 ± 0.015,0.942 ± 0.017,0.950 ± 0.022
"Esp. no usadas, fuente B (0.5)",0.995 ± 0.004,0.992 ± 0.005,0.991 ± 0.006,0.983 ± 0.005,0.992 ± 0.006
Esp. pliegue de prueba (0.5),0.963 ± 0.022,0.970 ± 0.014,0.965 ± 0.017,0.964 ± 0.025,0.968 ± 0.021
Esp. pliegue de prueba (umbral val.),0.954 ± 0.033,0.959 ± 0.044,0.950 ± 0.036,0.951 ± 0.041,0.970 ± 0.020
AUC pliegue de prueba,0.993 ± 0.004,0.992 ± 0.004,0.989 ± 0.005,0.990 ± 0.004,0.990 ± 0.005
AUC con negativos nuevos,0.993 ± 0.004,0.990 ± 0.005,0.988 ± 0.006,0.987 ± 0.006,0.988 ± 0.006
Esp. incluyendo gemelas (0.5),0.960 ± 0.018,0.955 ± 0.018,0.966 ± 0.012,0.951 ± 0.014,0.959 ± 0.018
Esp. sin vínculos dudosos (0.5),0.961 ± 0.015,0.965 ± 0.013,0.964 ± 0.012,0.952 ± 0.013,0.964 ± 0.015
Esp. escena mano + recipiente (0.5),0.727 ± 0.210,0.519 ± 0.239,0.849 ± 0.104,0.659 ± 0.134,0.665 ± 0.182
Esp. resto de escenas (0.5),0.972 ± 0.011,0.977 ± 0.009,0.971 ± 0.009,0.966 ± 0.009,0.974 ± 0.011
