image_path,status
dataT/healthy/healthy_1.jpg,0
dataT/healthy/healthy_10.jpg,0
dataT/healthy/healthy_100.jpg,0
dataT/healthy/healthy_1009.jpg,0
dataT/healthy/healthy_101.jpg,0
dataT/healthy/healthy_1010.jpg,0
dataT/healthy/healthy_1011.jpg,0
dataT/healthy/healthy_1012.jpg,0
dataT/healthy/healthy_1013.jpg,0
dataT/healthy/healthy_1014.jpg,0
dataT/healthy/healthy_1015.jpg,0
dataT/healthy/healthy_1016.jpg,0
dataT/healthy/healthy_1017.jpg,0
dataT/healthy/healthy_1018.jpg,0
dataT/healthy/healthy_1019.jpg,0
dataT/healthy/healthy_102.jpg,0
dataT/healthy/healthy_1020.jpg,0
dataT/healthy/healthy_1021.jpg,0
dataT/healthy/healthy_1022.jpg,0
dataT/healthy/healthy_1023.jpg,0
dataT/healthy/healthy_1024.jpg,0
dataT/healthy/healthy_1025.jpg,0
dataT/healthy/healthy_1026.jpg,0
dataT/healthy/healthy_1027.jpg,0
dataT/healthy/healthy_1028.jpg,0
dataT/healthy/healthy_1029.jpg,0
dataT/healthy/healthy_103.jpg,0
dataT/healthy/healthy_1030.jpg,0
dataT/healthy/healthy_1031.jpg,0
dataT/healthy/healthy_1032.jpg,0
dataT/healthy/healthy_1033.jpg,0
dataT/healthy/healthy_1034.jpg,0
dataT/healthy/healthy_1035.jpg,0
dataT/healthy/healthy_1036.jpg,0
dataT/healthy/healthy_1037.jpg,0
dataT/healthy/healthy_1038.jpg,0
dataT/healthy/healthy_1039.jpg,0
dataT/healthy/healthy_104.jpg,0
dataT/healthy/healthy_1040.jpg,0
dataT/healthy/healthy_1041.jpg,0
dataT/healthy/healthy_1042.jpg,0
dataT/healthy/healthy_1043.jpg,0
dataT/healthy/healthy_1044.jpg,0
dataT/healthy/healthy_1045.jpg,0
dataT/healthy/healthy_1046.jpg,0
dataT/healthy/healthy_1047.jpg,0
dataT/healthy/healthy_1048.jpg,0
dataT/healthy/healthy_1049.jpg,0
dataT/healthy/healthy_105.jpg,0
dataT/healthy/healthy_1050.jpg,0
dataT/healthy/healthy_1051.jpg,0
dataT/healthy/healthy_1052.jpg,0
dataT/healthy/healthy_1053.jpg,0
dataT/healthy/healthy_1054.jpg,0
dataT/healthy/healthy_1055.jpg,0
dataT/healthy/healthy_1056.jpg,0
dataT/healthy/healthy_1057.jpg,0
dataT/healthy/healthy_1058.jpg,0
dataT/healthy/healthy_1059.jpg,0
dataT/healthy/healthy_106.jpg,0
dataT/healthy/healthy_1060.jpg,0
dataT/healthy/healthy_1061.jpg,0
dataT/healthy/healthy_1062.jpg,0
dataT/healthy/healthy_1063.jpg,0
dataT/healthy/healthy_1064.jpg,0
dataT/healthy/healthy_1065.jpg,0
dataT/healthy/healthy_1066.jpg,0
dataT/healthy/healthy_1067.jpg,0
dataT/healthy/healthy_1068.jpg,0
dataT/healthy/healthy_1069.jpg,0
dataT/healthy/healthy_107.jpg,0
dataT/healthy/healthy_1070.jpg,0
dataT/healthy/healthy_1071.jpg,0
dataT/healthy/healthy_1072.jpg,0
dataT/healthy/healthy_1073.jpg,0
dataT/healthy/healthy_1074.jpg,0
dataT/healthy/healthy_1075.jpg,0
dataT/healthy/healthy_1076.jpg,0
dataT/healthy/healthy_1077.jpg,0
dataT/healthy/healthy_1078.jpg,0
dataT/healthy/healthy_1079.jpg,0
dataT/healthy/healthy_108.jpg,0
dataT/healthy/healthy_1080.jpg,0
dataT/healthy/healthy_1081.jpg,0
dataT/healthy/healthy_1082.jpg,0
dataT/healthy/healthy_1083.jpg,0
dataT/healthy/healthy_1084.jpg,0
dataT/healthy/healthy_1085.jpg,0
dataT/healthy/healthy_1086.jpg,0
dataT/healthy/healthy_1087.jpg,0
dataT/healthy/healthy_1088.jpg,0
dataT/healthy/healthy_1089.jpg,0
dataT/healthy/healthy_1090.jpg,0
dataT/healthy/healthy_1091.jpg,0
dataT/healthy/healthy_11.jpg,0
dataT/healthy/healthy_1140.jpg,0
dataT/healthy/healthy_1141.jpg,0
dataT/healthy/healthy_1142.jpg,0
dataT/healthy/healthy_1143.jpg,0
dataT/healthy/healthy_1144.jpg,0
dataT/healthy/healthy_1145.jpg,0
dataT/healthy/healthy_1146.jpg,0
dataT/healthy/healthy_1147.jpg,0
dataT/healthy/healthy_1148.jpg,0
dataT/healthy/healthy_1149.jpg,0
dataT/healthy/healthy_1150.jpg,0
dataT/healthy/healthy_1151.jpg,0
dataT/healthy/healthy_1152.jpg,0
dataT/healthy/healthy_1153.jpg,0
dataT/healthy/healthy_1154.jpg,0
dataT/healthy/healthy_1155.jpg,0
dataT/healthy/healthy_1156.jpg,0
dataT/healthy/healthy_1157.jpg,0
dataT/healthy/healthy_1158.jpg,0
dataT/healthy/healthy_1159.jpg,0
dataT/healthy/healthy_1160.jpg,0
dataT/healthy/healthy_1161.jpg,0
dataT/healthy/healthy_1162.jpg,0
dataT/healthy/healthy_1163.jpg,0
dataT/healthy/healthy_1164.jpg,0
dataT/healthy/healthy_1165.jpg,0
dataT/healthy/healthy_1166.jpg,0
dataT/healthy/healthy_1167.jpg,0
dataT/healthy/healthy_1168.jpg,0
dataT/healthy/healthy_1169.jpg,0
dataT/healthy/healthy_1170.jpg,0
dataT/healthy/healthy_1171.jpg,0
dataT/healthy/healthy_1172.jpg,0
dataT/healthy/healthy_1173.jpg,0
dataT/healthy/healthy_1174.jpg,0
dataT/healthy/healthy_1175.jpg,0
dataT/healthy/healthy_1176.jpg,0
dataT/healthy/healthy_1177.jpg,0
dataT/healthy/healthy_1178.jpg,0
dataT/healthy/healthy_1179.jpg,0
dataT/healthy/healthy_1180.jpg,0
dataT/healthy/healthy_1181.jpg,0
dataT/healthy/healthy_1182.jpg,0
dataT/healthy/healthy_1183.jpg,0
dataT/healthy/healthy_1184.jpg,0
dataT/healthy/healthy_1185.jpg,0
dataT/healthy/healthy_1186.jpg,0
dataT/healthy/healthy_1187.jpg,0
dataT/healthy/healthy_1188.jpg,0
dataT/healthy/healthy_1189.jpg,0
dataT/healthy/healthy_1190.jpg,0
dataT/healthy/healthy_1191.jpg,0
dataT/healthy/healthy_1192.jpg,0
dataT/healthy/healthy_1193.jpg,0
dataT/healthy/healthy_1194.jpg,0
dataT/healthy/healthy_1195.jpg,0
dataT/healthy/healthy_1196.jpg,0
dataT/healthy/healthy_1197.jpg,0
dataT/healthy/healthy_1198.jpg,0
dataT/healthy/healthy_1199.jpg,0
dataT/healthy/healthy_12.jpg,0
dataT/healthy/healthy_1200.jpg,0
dataT/healthy/healthy_1201.jpg,0
dataT/healthy/healthy_1202.jpg,0
dataT/healthy/healthy_1203.jpg,0
dataT/healthy/healthy_1204.jpg,0
dataT/healthy/healthy_1205.jpg,0
dataT/healthy/healthy_1206.jpg,0
dataT/healthy/healthy_1207.jpg,0
dataT/healthy/healthy_1208.jpg,0
dataT/healthy/healthy_1209.jpg,0
dataT/healthy/healthy_1210.jpg,0
dataT/healthy/healthy_1211.jpg,0
dataT/healthy/healthy_1212.jpg,0
dataT/healthy/healthy_1213.jpg,0
dataT/healthy/healthy_1214.jpg,0
dataT/healthy/healthy_1215.jpg,0
dataT/healthy/healthy_1216.jpg,0
dataT/healthy/healthy_1217.jpg,0
dataT/healthy/healthy_1218.jpg,0
dataT/healthy/healthy_1219.jpg,0
dataT/healthy/healthy_1220.jpg,0
dataT/healthy/healthy_1221.jpg,0
dataT/healthy/healthy_1222.jpg,0
dataT/healthy/healthy_1223.jpg,0
dataT/healthy/healthy_1224.jpg,0
dataT/healthy/healthy_1225.jpg,0
dataT/healthy/healthy_1226.jpg,0
dataT/healthy/healthy_1227.jpg,0
dataT/healthy/healthy_1228.jpg,0
dataT/healthy/healthy_1229.jpg,0
dataT/healthy/healthy_1230.jpg,0
dataT/healthy/healthy_1231.jpg,0
dataT/healthy/healthy_1232.jpg,0
dataT/healthy/healthy_1233.jpg,0
dataT/healthy/healthy_1234.jpg,0
dataT/healthy/healthy_1235.jpg,0
dataT/healthy/healthy_1236.jpg,0
dataT/healthy/healthy_1237.jpg,0
dataT/healthy/healthy_1238.jpg,0
dataT/healthy/healthy_1239.jpg,0
dataT/healthy/healthy_1240.jpg,0
dataT/healthy/healthy_1241.jpg,0
dataT/healthy/healthy_1242.jpg,0
dataT/healthy/healthy_1243.jpg,0
dataT/healthy/healthy_1244.jpg,0
dataT/healthy/healthy_1245.jpg,0
dataT/healthy/healthy_1246.jpg,0
dataT/healthy/healthy_1247.jpg,0
dataT/healthy/healthy_1248.jpg,0
dataT/healthy/healthy_1249.jpg,0
dataT/healthy/healthy_1250.jpg,0
dataT/healthy/healthy_1251.jpg,0
dataT/healthy/healthy_1252.jpg,0
dataT/healthy/healthy_1253.jpg,0
dataT/healthy/healthy_1254.jpg,0
dataT/healthy/healthy_1255.jpg,0
dataT/healthy/healthy_1256.jpg,0
dataT/healthy/healthy_1257.jpg,0
dataT/healthy/healthy_1258.jpg,0
dataT/healthy/healthy_1259.jpg,0
dataT/healthy/healthy_1260.jpg,0
dataT/healthy/healthy_1261.jpg,0
dataT/healthy/healthy_1262.jpg,0
dataT/healthy/healthy_1263.jpg,0
dataT/healthy/healthy_1264.jpg,0
dataT/healthy/healthy_1265.jpg,0
dataT/healthy/healthy_1266.jpg,0
dataT/healthy/healthy_1267.jpg,0
dataT/healthy/healthy_1268.jpg,0
dataT/healthy/healthy_1269.jpg,0
dataT/healthy/healthy_1270.jpg,0
dataT/healthy/healthy_1271.jpg,0
dataT/healthy/healthy_1272.jpg,0
dataT/healthy/healthy_13.jpg,0
dataT/healthy/healthy_14.jpg,0
dataT/healthy/healthy_1404.jpg,0
dataT/healthy/healthy_1405.jpg,0
dataT/healthy/healthy_1406.jpg,0
dataT/healthy/healthy_1407.jpg,0
dataT/healthy/healthy_1408.jpg,0
dataT/healthy/healthy_1409.jpg,0
dataT/healthy/healthy_1410.jpg,0
dataT/healthy/healthy_1411.jpg,0
dataT/healthy/healthy_1412.jpg,0
dataT/healthy/healthy_1413.jpg,0
dataT/healthy/healthy_1414.jpg,0
dataT/healthy/healthy_1415.jpg,0
dataT/healthy/healthy_1416.jpg,0
dataT/healthy/healthy_1417.jpg,0
dataT/healthy/healthy_1418.jpg,0
dataT/healthy/healthy_1419.jpg,0
dataT/healthy/healthy_1420.jpg,0
dataT/healthy/healthy_1421.jpg,0
dataT/healthy/healthy_1422.jpg,0
dataT/healthy/healthy_1423.jpg,0
dataT/healthy/healthy_1424.jpg,0
dataT/healthy/healthy_1425.jpg,0
dataT/healthy/healthy_1426.jpg,0
dataT/healthy/healthy_1427.jpg,0
dataT/healthy/healthy_1428.jpg,0
dataT/healthy/healthy_1429.jpg,0
dataT/healthy/healthy_1430.jpg,0
dataT/healthy/healthy_1431.jpg,0
dataT/healthy/healthy_1432.jpg,0
dataT/healthy/healthy_1433.jpg,0
dataT/healthy/healthy_1434.jpg,0
dataT/healthy/healthy_1435.jpg,0
dataT/healthy/healthy_1436.jpg,0
dataT/healthy/healthy_1437.jpg,0
dataT/healthy/healthy_1438.jpg,0
dataT/healthy/healthy_1439.jpg,0
dataT/healthy/healthy_1440.jpg,0
dataT/healthy/healthy_1441.jpg,0
dataT/healthy/healthy_1442.jpg,0
dataT/healthy/healthy_1443.jpg,0
dataT/healthy/healthy_1445.jpg,0
dataT/healthy/healthy_1446.jpg,0
dataT/healthy/healthy_1447.jpg,0
dataT/healthy/healthy_1448.jpg,0
dataT/healthy/healthy_1449.jpg,0
dataT/healthy/healthy_1450.jpg,0
dataT/healthy/healthy_1451.jpg,0
dataT/healthy/healthy_1452.jpg,0
dataT/healthy/healthy_1453.jpg,0
dataT/healthy/healthy_1454.jpg,0
dataT/healthy/healthy_1455.jpg,0
dataT/healthy/healthy_1456.jpg,0
dataT/healthy/healthy_1457.jpg,0
dataT/healthy/healthy_1458.jpg,0
dataT/healthy/healthy_1459.jpg,0
dataT/healthy/healthy_1460.jpg,0
dataT/healthy/healthy_1461.jpg,0
dataT/healthy/healthy_1462.jpg,0
dataT/healthy/healthy_1463.jpg,0
dataT/healthy/healthy_1464.jpg,0
dataT/healthy/healthy_1465.jpg,0
dataT/healthy/healthy_1466.jpg,0
dataT/healthy/healthy_1467.jpg,0
dataT/healthy/healthy_1468.jpg,0
dataT/healthy/healthy_1469.jpg,0
dataT/healthy/healthy_1470.jpg,0
dataT/healthy/healthy_1471.jpg,0
dataT/healthy/healthy_1472.jpg,0
dataT/healthy/healthy_1473.jpg,0
dataT/healthy/healthy_1474.jpg,0
dataT/healthy/healthy_1475.jpg,0
dataT/healthy/healthy_1476.jpg,0
dataT/healthy/healthy_1477.jpg,0
dataT/healthy/healthy_1478.jpg,0
dataT/healthy/healthy_1479.jpg,0
dataT/healthy/healthy_1480.jpg,0
dataT/healthy/healthy_1481.jpg,0
dataT/healthy/healthy_1482.jpg,0
dataT/healthy/healthy_1483.jpg,0
dataT/healthy/healthy_1484.jpg,0
dataT/healthy/healthy_1485.jpg,0
dataT/healthy/healthy_1486.jpg,0
dataT/healthy/healthy_1487.jpg,0
dataT/healthy/healthy_1488.jpg,0
dataT/healthy/healthy_1489.jpg,0
dataT/healthy/healthy_1490.jpg,0
dataT/healthy/healthy_1491.jpg,0
dataT/healthy/healthy_1492.jpg,0
dataT/healthy/healthy_1493.jpg,0
dataT/healthy/healthy_1494.jpg,0
dataT/healthy/healthy_1495.jpg,0
dataT/healthy/healthy_1496.jpg,0
dataT/healthy/healthy_1497.jpg,0
dataT/healthy/healthy_1498.jpg,0
dataT/healthy/healthy_1499.jpg,0
dataT/healthy/healthy_15.jpg,0
dataT/healthy/healthy_1500.jpg,0
dataT/healthy/healthy_1501.jpg,0
dataT/healthy/healthy_1502.jpg,0
dataT/healthy/healthy_1503.jpg,0
dataT/healthy/healthy_1504.jpg,0
dataT/healthy/healthy_1505.jpg,0
dataT/healthy/healthy_1506.jpg,0
dataT/healthy/healthy_1507.jpg,0
dataT/healthy/healthy_1508.jpg,0
dataT/healthy/healthy_1509.jpg,0
dataT/healthy/healthy_1510.jpg,0
dataT/healthy/healthy_1511.jpg,0
dataT/healthy/healthy_1512.jpg,0
dataT/healthy/healthy_1513.jpg,0
dataT/healthy/healthy_1514.jpg,0
dataT/healthy/healthy_1515.jpg,0
dataT/healthy/healthy_1516.jpg,0
dataT/healthy/healthy_1517.jpg,0
dataT/healthy/healthy_1518.jpg,0
dataT/healthy/healthy_1519.jpg,0
dataT/healthy/healthy_1520.jpg,0
dataT/healthy/healthy_1521.jpg,0
dataT/healthy/healthy_1522.jpg,0
dataT/healthy/healthy_1523.jpg,0
dataT/healthy/healthy_1524.jpg,0
dataT/healthy/healthy_1525.jpg,0
dataT/healthy/healthy_1526.jpg,0
dataT/healthy/healthy_1527.jpg,0
dataT/healthy/healthy_1528.jpg,0
dataT/healthy/healthy_1529.jpg,0
dataT/healthy/healthy_1530.jpg,0
dataT/healthy/healthy_1531.jpg,0
dataT/healthy/healthy_1532.jpg,0
dataT/healthy/healthy_1533.jpg,0
dataT/healthy/healthy_1534.jpg,0
dataT/healthy/healthy_1535.jpg,0
dataT/healthy/healthy_1536.jpg,0
dataT/healthy/healthy_1537.jpg,0
dataT/healthy/healthy_1538.jpg,0
dataT/healthy/healthy_1539.jpg,0
dataT/healthy/healthy_1540.jpg,0
dataT/healthy/healthy_1541.jpg,0
dataT/healthy/healthy_1542.jpg,0
dataT/healthy/healthy_1543.jpg,0
dataT/healthy/healthy_1544.jpg,0
dataT/healthy/healthy_1545.jpg,0
dataT/healthy/healthy_1546.jpg,0
dataT/healthy/healthy_1547.jpg,0
dataT/healthy/healthy_1548.jpg,0
dataT/healthy/healthy_1549.jpg,0
dataT/healthy/healthy_1550.jpg,0
dataT/healthy/healthy_1551.jpg,0
dataT/healthy/healthy_1552.jpg,0
dataT/healthy/healthy_1553.jpg,0
dataT/healthy/healthy_1554.jpg,0
dataT/healthy/healthy_1555.jpg,0
dataT/healthy/healthy_1556.jpg,0
dataT/healthy/healthy_1557.jpg,0
dataT/healthy/healthy_1558.jpg,0
dataT/healthy/healthy_1559.jpg,0
dataT/healthy/healthy_1560.jpg,0
dataT/healthy/healthy_1561.jpg,0
dataT/healthy/healthy_1562.jpg,0
dataT/healthy/healthy_1563.jpg,0
dataT/healthy/healthy_1564.jpg,0
dataT/healthy/healthy_1565.jpg,0
dataT/healthy/healthy_1566.jpg,0
dataT/healthy/healthy_1567.jpg,0
dataT/healthy/healthy_1568.jpg,0
dataT/healthy/healthy_1569.jpg,0
dataT/healthy/healthy_1570.jpg,0
dataT/healthy/healthy_1571.jpg,0
dataT/healthy/healthy_1572.jpg,0
dataT/healthy/healthy_1573.jpg,0
dataT/healthy/healthy_1574.jpg,0
dataT/healthy/healthy_1575.jpg,0
dataT/healthy/healthy_1576.jpg,0
dataT/healthy/healthy_1577.jpg,0
dataT/healthy/healthy_1578.jpg,0
dataT/healthy/healthy_1579.jpg,0
dataT/healthy/healthy_1580.jpg,0
dataT/healthy/healthy_1581.jpg,0
dataT/healthy/healthy_1582.jpg,0
dataT/healthy/healthy_16.jpg,0
dataT/healthy/healthy_1631.jpg,0
dataT/healthy/healthy_1632.jpg,0
dataT/healthy/healthy_1633.jpg,0
dataT/healthy/healthy_1634.jpg,0
dataT/healthy/healthy_1635.jpg,0
dataT/healthy/healthy_1636.jpg,0
dataT/healthy/healthy_1637.jpg,0
dataT/healthy/healthy_1638.jpg,0
dataT/healthy/healthy_1639.jpg,0
dataT/healthy/healthy_1640.jpg,0
dataT/healthy/healthy_1641.jpg,0
dataT/healthy/healthy_1642.jpg,0
dataT/healthy/healthy_1643.jpg,0
dataT/healthy/healthy_1644.jpg,0
dataT/healthy/healthy_1645.jpg,0
dataT/healthy/healthy_1646.jpg,0
dataT/healthy/healthy_1647.jpg,0
dataT/healthy/healthy_1648.jpg,0
dataT/healthy/healthy_1649.jpg,0
dataT/healthy/healthy_1650.jpg,0
dataT/healthy/healthy_1651.jpg,0
dataT/healthy/healthy_1652.jpg,0
dataT/healthy/healthy_1653.jpg,0
dataT/healthy/healthy_1654.jpg,0
dataT/healthy/healthy_1655.jpg,0
dataT/healthy/healthy_1656.jpg,0
dataT/healthy/healthy_1657.jpg,0
dataT/healthy/healthy_1658.jpg,0
dataT/healthy/healthy_1659.jpg,0
dataT/healthy/healthy_1660.jpg,0
dataT/healthy/healthy_1661.jpg,0
dataT/healthy/healthy_1662.jpg,0
dataT/healthy/healthy_1663.jpg,0
dataT/healthy/healthy_1664.jpg,0
dataT/healthy/healthy_1665.jpg,0
dataT/healthy/healthy_1666.jpg,0
dataT/healthy/healthy_1667.jpg,0
dataT/healthy/healthy_1668.jpg,0
dataT/healthy/healthy_1669.jpg,0
dataT/healthy/healthy_1670.jpg,0
dataT/healthy/healthy_1671.jpg,0
dataT/healthy/healthy_1672.jpg,0
dataT/healthy/healthy_1673.jpg,0
dataT/healthy/healthy_1674.jpg,0
dataT/healthy/healthy_1675.jpg,0
dataT/healthy/healthy_1676.jpg,0
dataT/healthy/healthy_1677.jpg,0
dataT/healthy/healthy_1678.jpg,0
dataT/healthy/healthy_1679.jpg,0
dataT/healthy/healthy_17.jpg,0
dataT/healthy/healthy_18.jpg,0
dataT/healthy/healthy_19.jpg,0
dataT/healthy/healthy_197.jpg,0
dataT/healthy/healthy_198.jpg,0
dataT/healthy/healthy_199.jpg,0
dataT/healthy/healthy_2.jpg,0
dataT/healthy/healthy_20.jpg,0
dataT/healthy/healthy_200.jpg,0
dataT/healthy/healthy_201.jpg,0
dataT/healthy/healthy_202.jpg,0
dataT/healthy/healthy_203.jpg,0
dataT/healthy/healthy_204.jpg,0
dataT/healthy/healthy_205.jpg,0
dataT/healthy/healthy_2052.jpg,0
dataT/healthy/healthy_2053.jpg,0
dataT/healthy/healthy_2054.jpg,0
dataT/healthy/healthy_2055.jpg,0
dataT/healthy/healthy_2056.jpg,0
dataT/healthy/healthy_2057.jpg,0
dataT/healthy/healthy_2058.jpg,0
dataT/healthy/healthy_2059.jpg,0
dataT/healthy/healthy_206.jpg,0
dataT/healthy/healthy_2060.jpg,0
dataT/healthy/healthy_2061.jpg,0
dataT/healthy/healthy_2062.jpg,0
dataT/healthy/healthy_2063.jpg,0
dataT/healthy/healthy_2064.jpg,0
dataT/healthy/healthy_2065.jpg,0
dataT/healthy/healthy_2066.jpg,0
dataT/healthy/healthy_2067.jpg,0
dataT/healthy/healthy_2068.jpg,0
dataT/healthy/healthy_2069.jpg,0
dataT/healthy/healthy_207.jpg,0
dataT/healthy/healthy_2070.jpg,0
dataT/healthy/healthy_2071.jpg,0
dataT/healthy/healthy_2072.jpg,0
dataT/healthy/healthy_2073.jpg,0
dataT/healthy/healthy_2074.jpg,0
dataT/healthy/healthy_2075.jpg,0
dataT/healthy/healthy_2076.jpg,0
dataT/healthy/healthy_2077.jpg,0
dataT/healthy/healthy_2078.jpg,0
dataT/healthy/healthy_2079.jpg,0
dataT/healthy/healthy_208.jpg,0
dataT/healthy/healthy_2080.jpg,0
dataT/healthy/healthy_2081.jpg,0
dataT/healthy/healthy_2082.jpg,0
dataT/healthy/healthy_2083.jpg,0
dataT/healthy/healthy_2084.jpg,0
dataT/healthy/healthy_2085.jpg,0
dataT/healthy/healthy_2086.jpg,0
dataT/healthy/healthy_2087.jpg,0
dataT/healthy/healthy_2088.jpg,0
dataT/healthy/healthy_2089.jpg,0
dataT/healthy/healthy_209.jpg,0
dataT/healthy/healthy_2090.jpg,0
dataT/healthy/healthy_2091.jpg,0
dataT/healthy/healthy_2092.jpg,0
dataT/healthy/healthy_2093.jpg,0
dataT/healthy/healthy_2094.jpg,0
dataT/healthy/healthy_2095.jpg,0
dataT/healthy/healthy_2096.jpg,0
dataT/healthy/healthy_2097.jpg,0
dataT/healthy/healthy_2098.jpg,0
dataT/healthy/healthy_2099.jpg,0
dataT/healthy/healthy_21.jpg,0
dataT/healthy/healthy_210.jpg,0
dataT/healthy/healthy_2100.jpg,0
dataT/healthy/healthy_2101.jpg,0
dataT/healthy/healthy_2102.jpg,0
dataT/healthy/healthy_2103.jpg,0
dataT/healthy/healthy_2104.jpg,0
dataT/healthy/healthy_2105.jpg,0
dataT/healthy/healthy_2106.jpg,0
dataT/healthy/healthy_2107.jpg,0
dataT/healthy/healthy_2108.jpg,0
dataT/healthy/healthy_2109.jpg,0
dataT/healthy/healthy_211.jpg,0
dataT/healthy/healthy_2110.jpg,0
dataT/healthy/healthy_2111.jpg,0
dataT/healthy/healthy_2112.jpg,0
dataT/healthy/healthy_2113.jpg,0
dataT/healthy/healthy_2114.jpg,0
dataT/healthy/healthy_2115.jpg,0
dataT/healthy/healthy_2116.jpg,0
dataT/healthy/healthy_2117.jpg,0
dataT/healthy/healthy_2118.jpg,0
dataT/healthy/healthy_2119.jpg,0
dataT/healthy/healthy_212.jpg,0
dataT/healthy/healthy_2120.jpg,0
dataT/healthy/healthy_2121.jpg,0
dataT/healthy/healthy_2122.jpg,0
dataT/healthy/healthy_2123.jpg,0
dataT/healthy/healthy_2124.jpg,0
dataT/healthy/healthy_2125.jpg,0
dataT/healthy/healthy_2126.jpg,0
dataT/healthy/healthy_2127.jpg,0
dataT/healthy/healthy_2128.jpg,0
dataT/healthy/healthy_2129.jpg,0
dataT/healthy/healthy_213.jpg,0
dataT/healthy/healthy_2130.jpg,0
dataT/healthy/healthy_2131.jpg,0
dataT/healthy/healthy_2132.jpg,0
dataT/healthy/healthy_2133.jpg,0
dataT/healthy/healthy_2134.jpg,0
dataT/healthy/healthy_2135.jpg,0
dataT/healthy/healthy_2136.jpg,0
dataT/healthy/healthy_2137.jpg,0
dataT/healthy/healthy_2138.jpg,0
dataT/healthy/healthy_2139.jpg,0
dataT/healthy/healthy_214.jpg,0
dataT/healthy/healthy_2140.jpg,0
dataT/healthy/healthy_2141.jpg,0
dataT/healthy/healthy_2142.jpg,0
dataT/healthy/healthy_2143.jpg,0
dataT/healthy/healthy_2144.jpg,0
dataT/healthy/healthy_2145.jpg,0
dataT/healthy/healthy_2146.jpg,0
dataT/healthy/healthy_2147.jpg,0
dataT/healthy/healthy_2148.jpg,0
dataT/healthy/healthy_2149.jpg,0
dataT/healthy/healthy_215.jpg,0
dataT/healthy/healthy_2150.jpg,0
dataT/healthy/healthy_2151.jpg,0
dataT/healthy/healthy_2152.jpg,0
dataT/healthy/healthy_2153.jpg,0
dataT/healthy/healthy_2154.jpg,0
dataT/healthy/healthy_2155.jpg,0
dataT/healthy/healthy_2156.jpg,0
dataT/healthy/healthy_2157.jpg,0
dataT/healthy/healthy_2158.jpg,0
dataT/healthy/healthy_216.jpg,0
dataT/healthy/healthy_217.jpg,0
dataT/healthy/healthy_218.jpg,0
dataT/healthy/healthy_219.jpg,0
dataT/healthy/healthy_22.jpg,0
dataT/healthy/healthy_220.jpg,0
dataT/healthy/healthy_221.jpg,0
dataT/healthy/healthy_222.jpg,0
dataT/healthy/healthy_223.jpg,0
dataT/healthy/healthy_224.jpg,0
dataT/healthy/healthy_225.jpg,0
dataT/healthy/healthy_226.jpg,0
dataT/healthy/healthy_227.jpg,0
dataT/healthy/healthy_2279.jpg,0
dataT/healthy/healthy_228.jpg,0
dataT/healthy/healthy_2280.jpg,0
dataT/healthy/healthy_2281.jpg,0
dataT/healthy/healthy_2282.jpg,0
dataT/healthy/healthy_2283.jpg,0
dataT/healthy/healthy_2284.jpg,0
dataT/healthy/healthy_2285.jpg,0
dataT/healthy/healthy_2286.jpg,0
dataT/healthy/healthy_2287.jpg,0
dataT/healthy/healthy_2288.jpg,0
dataT/healthy/healthy_2289.jpg,0
dataT/healthy/healthy_229.jpg,0
dataT/healthy/healthy_2290.jpg,0
dataT/healthy/healthy_23.jpg,0
dataT/healthy/healthy_230.jpg,0
dataT/healthy/healthy_231.jpg,0
dataT/healthy/healthy_232.jpg,0
dataT/healthy/healthy_233.jpg,0
dataT/healthy/healthy_234.jpg,0
dataT/healthy/healthy_235.jpg,0
dataT/healthy/healthy_236.jpg,0
dataT/healthy/healthy_237.jpg,0
dataT/healthy/healthy_238.jpg,0
dataT/healthy/healthy_239.jpg,0
dataT/healthy/healthy_24.jpg,0
dataT/healthy/healthy_240.jpg,0
dataT/healthy/healthy_241.jpg,0
dataT/healthy/healthy_242.jpg,0
dataT/healthy/healthy_243.jpg,0
dataT/healthy/healthy_244.jpg,0
dataT/healthy/healthy_245.jpg,0
dataT/healthy/healthy_246.jpg,0
dataT/healthy/healthy_247.jpg,0
dataT/healthy/healthy_248.jpg,0
dataT/healthy/healthy_249.jpg,0
dataT/healthy/healthy_2495.jpg,0
dataT/healthy/healthy_2496.jpg,0
dataT/healthy/healthy_2497.jpg,0
dataT/healthy/healthy_2498.jpg,0
dataT/healthy/healthy_2499.jpg,0
dataT/healthy/healthy_25.jpg,0
dataT/healthy/healthy_250.jpg,0
dataT/healthy/healthy_2500.jpg,0
dataT/healthy/healthy_2501.jpg,0
dataT/healthy/healthy_2502.jpg,0
dataT/healthy/healthy_2503.jpg,0
dataT/healthy/healthy_2504.jpg,0
dataT/healthy/healthy_2505.jpg,0
dataT/healthy/healthy_2506.jpg,0
dataT/healthy/healthy_2507.jpg,0
dataT/healthy/healthy_2508.jpg,0
dataT/healthy/healthy_2509.jpg,0
dataT/healthy/healthy_251.jpg,0
dataT/healthy/healthy_2510.jpg,0
dataT/healthy/healthy_2511.jpg,0
dataT/healthy/healthy_2512.jpg,0
dataT/healthy/healthy_2513.jpg,0
dataT/healthy/healthy_2514.jpg,0
dataT/healthy/healthy_2515.jpg,0
dataT/healthy/healthy_2516.jpg,0
dataT/healthy/healthy_2517.jpg,0
dataT/healthy/healthy_2518.jpg,0
dataT/healthy/healthy_2519.jpg,0
dataT/healthy/healthy_252.jpg,0
dataT/healthy/healthy_253.jpg,0
dataT/healthy/healthy_254.jpg,0
dataT/healthy/healthy_255.jpg,0
dataT/healthy/healthy_2556.jpg,0
dataT/healthy/healthy_2557.jpg,0
dataT/healthy/healthy_2558.jpg,0
dataT/healthy/healthy_2559.jpg,0
dataT/healthy/healthy_256.jpg,0
dataT/healthy/healthy_2560.jpg,0
dataT/healthy/healthy_2561.jpg,0
dataT/healthy/healthy_2562.jpg,0
dataT/healthy/healthy_2563.jpg,0
dataT/healthy/healthy_2564.jpg,0
dataT/healthy/healthy_2565.jpg,0
dataT/healthy/healthy_2566.jpg,0
dataT/healthy/healthy_2567.jpg,0
dataT/healthy/healthy_2568.jpg,0
dataT/healthy/healthy_2569.jpg,0
dataT/healthy/healthy_257.jpg,0
dataT/healthy/healthy_2570.jpg,0
dataT/healthy/healthy_2571.jpg,0
dataT/healthy/healthy_2572.jpg,0
dataT/healthy/healthy_2573.jpg,0
dataT/healthy/healthy_2574.jpg,0
dataT/healthy/healthy_2575.jpg,0
dataT/healthy/healthy_2576.jpg,0
dataT/healthy/healthy_2577.jpg,0
dataT/healthy/healthy_2578.jpg,0
dataT/healthy/healthy_2579.jpg,0
dataT/healthy/healthy_258.jpg,0
dataT/healthy/healthy_2580.jpg,0
dataT/healthy/healthy_2581.jpg,0
dataT/healthy/healthy_2582.jpg,0
dataT/healthy/healthy_2583.jpg,0
dataT/healthy/healthy_2584.jpg,0
dataT/healthy/healthy_2585.jpg,0
dataT/healthy/healthy_2586.jpg,0
dataT/healthy/healthy_2587.jpg,0
dataT/healthy/healthy_2588.jpg,0
dataT/healthy/healthy_2589.jpg,0
dataT/healthy/healthy_259.jpg,0
dataT/healthy/healthy_2590.jpg,0
dataT/healthy/healthy_2591.jpg,0
dataT/healthy/healthy_2592.jpg,0
dataT/healthy/healthy_2593.jpg,0
dataT/healthy/healthy_2594.jpg,0
dataT/healthy/healthy_2595.jpg,0
dataT/healthy/healthy_2596.jpg,0
dataT/healthy/healthy_2597.jpg,0
dataT/healthy/healthy_2598.jpg,0
dataT/healthy/healthy_2599.jpg,0
dataT/healthy/healthy_26.jpg,0
dataT/healthy/healthy_260.jpg,0
dataT/healthy/healthy_2600.jpg,0
dataT/healthy/healthy_2601.jpg,0
dataT/healthy/healthy_2602.jpg,0
dataT/healthy/healthy_2603.jpg,0
dataT/healthy/healthy_2604.jpg,0
dataT/healthy/healthy_2605.jpg,0
dataT/healthy/healthy_2606.jpg,0
dataT/healthy/healthy_2607.jpg,0
dataT/healthy/healthy_2608.jpg,0
dataT/healthy/healthy_2609.jpg,0
dataT/healthy/healthy_261.jpg,0
dataT/healthy/healthy_2610.jpg,0
dataT/healthy/healthy_2611.jpg,0
dataT/healthy/healthy_2612.jpg,0
dataT/healthy/healthy_2613.jpg,0
dataT/healthy/healthy_2614.jpg,0
dataT/healthy/healthy_2615.jpg,0
dataT/healthy/healthy_2616.jpg,0
dataT/healthy/healthy_2617.jpg,0
dataT/healthy/healthy_2618.jpg,0
dataT/healthy/healthy_2619.jpg,0
dataT/healthy/healthy_262.jpg,0
dataT/healthy/healthy_2620.jpg,0
dataT/healthy/healthy_2621.jpg,0
dataT/healthy/healthy_2622.jpg,0
dataT/healthy/healthy_2623.jpg,0
dataT/healthy/healthy_2624.jpg,0
dataT/healthy/healthy_2625.jpg,0
dataT/healthy/healthy_2626.jpg,0
dataT/healthy/healthy_2627.jpg,0
dataT/healthy/healthy_2628.jpg,0
dataT/healthy/healthy_2629.jpg,0
dataT/healthy/healthy_263.jpg,0
dataT/healthy/healthy_2630.jpg,0
dataT/healthy/healthy_2631.jpg,0
dataT/healthy/healthy_2632.jpg,0
dataT/healthy/healthy_2633.jpg,0
dataT/healthy/healthy_2634.jpg,0
dataT/healthy/healthy_2635.jpg,0
dataT/healthy/healthy_2636.jpg,0
dataT/healthy/healthy_2637.jpg,0
dataT/healthy/healthy_2638.jpg,0
dataT/healthy/healthy_2639.jpg,0
dataT/healthy/healthy_264.jpg,0
dataT/healthy/healthy_2640.jpg,0
dataT/healthy/healthy_2641.jpg,0
dataT/healthy/healthy_2642.jpg,0
dataT/healthy/healthy_2643.jpg,0
dataT/healthy/healthy_2644.jpg,0
dataT/healthy/healthy_2645.jpg,0
dataT/healthy/healthy_2646.jpg,0
dataT/healthy/healthy_2647.jpg,0
dataT/healthy/healthy_2648.jpg,0
dataT/healthy/healthy_2649.jpg,0
dataT/healthy/healthy_265.jpg,0
dataT/healthy/healthy_2650.jpg,0
dataT/healthy/healthy_2651.jpg,0
dataT/healthy/healthy_266.jpg,0
dataT/healthy/healthy_267.jpg,0
dataT/healthy/healthy_268.jpg,0
dataT/healthy/healthy_269.jpg,0
dataT/healthy/healthy_27.jpg,0
dataT/healthy/healthy_270.jpg,0
dataT/healthy/healthy_271.jpg,0
dataT/healthy/healthy_272.jpg,0
dataT/healthy/healthy_273.jpg,0
dataT/healthy/healthy_274.jpg,0
dataT/healthy/healthy_2748.jpg,0
dataT/healthy/healthy_2749.jpg,0
dataT/healthy/healthy_275.jpg,0
dataT/healthy/healthy_2750.jpg,0
dataT/healthy/healthy_2751.jpg,0
dataT/healthy/healthy_2752.jpg,0
dataT/healthy/healthy_2753.jpg,0
dataT/healthy/healthy_2754.jpg,0
dataT/healthy/healthy_2755.jpg,0
dataT/healthy/healthy_2756.jpg,0
dataT/healthy/healthy_2757.jpg,0
dataT/healthy/healthy_2758.jpg,0
dataT/healthy/healthy_2759.jpg,0
dataT/healthy/healthy_276.jpg,0
dataT/healthy/healthy_2760.jpg,0
dataT/healthy/healthy_2761.jpg,0
dataT/healthy/healthy_2762.jpg,0
dataT/healthy/healthy_2763.jpg,0
dataT/healthy/healthy_2764.jpg,0
dataT/healthy/healthy_2765.jpg,0
dataT/healthy/healthy_2766.jpg,0
dataT/healthy/healthy_2767.jpg,0
dataT/healthy/healthy_2768.jpg,0
dataT/healthy/healthy_2769.jpg,0
dataT/healthy/healthy_277.jpg,0
dataT/healthy/healthy_2770.jpg,0
dataT/healthy/healthy_2771.jpg,0
dataT/healthy/healthy_2772.jpg,0
dataT/healthy/healthy_2773.jpg,0
dataT/healthy/healthy_2774.jpg,0
dataT/healthy/healthy_2775.jpg,0
dataT/healthy/healthy_2776.jpg,0
dataT/healthy/healthy_2777.jpg,0
dataT/healthy/healthy_2778.jpg,0
dataT/healthy/healthy_2779.jpg,0
dataT/healthy/healthy_278.jpg,0
dataT/healthy/healthy_2780.jpg,0
dataT/healthy/healthy_2781.jpg,0
dataT/healthy/healthy_2782.jpg,0
dataT/healthy/healthy_2783.jpg,0
dataT/healthy/healthy_2784.jpg,0
dataT/healthy/healthy_2785.jpg,0
dataT/healthy/healthy_2786.jpg,0
dataT/healthy/healthy_2787.jpg,0
dataT/healthy/healthy_2788.jpg,0
dataT/healthy/healthy_2789.jpg,0
dataT/healthy/healthy_279.jpg,0
dataT/healthy/healthy_2790.jpg,0
dataT/healthy/healthy_2791.jpg,0
dataT/healthy/healthy_2792.jpg,0
dataT/healthy/healthy_2793.jpg,0
dataT/healthy/healthy_2794.jpg,0
dataT/healthy/healthy_2795.jpg,0
dataT/healthy/healthy_2796.jpg,0
dataT/healthy/healthy_2797.jpg,0
dataT/healthy/healthy_2798.jpg,0
dataT/healthy/healthy_2799.jpg,0
dataT/healthy/healthy_28.jpg,0
dataT/healthy/healthy_280.jpg,0
dataT/healthy/healthy_2800.jpg,0
dataT/healthy/healthy_2801.jpg,0
dataT/healthy/healthy_2802.jpg,0
dataT/healthy/healthy_2803.jpg,0
dataT/healthy/healthy_2804.jpg,0
dataT/healthy/healthy_2805.jpg,0
dataT/healthy/healthy_2806.jpg,0
dataT/healthy/healthy_2807.jpg,0
dataT/healthy/healthy_2808.jpg,0
dataT/healthy/healthy_2809.jpg,0
dataT/healthy/healthy_281.jpg,0
dataT/healthy/healthy_2810.jpg,0
dataT/healthy/healthy_2811.jpg,0
dataT/healthy/healthy_2812.jpg,0
dataT/healthy/healthy_2813.jpg,0
dataT/healthy/healthy_2814.jpg,0
dataT/healthy/healthy_2815.jpg,0
dataT/healthy/healthy_2816.jpg,0
dataT/healthy/healthy_2817.jpg,0
dataT/healthy/healthy_2818.jpg,0
dataT/healthy/healthy_282.jpg,0
dataT/healthy/healthy_283.jpg,0
dataT/healthy/healthy_284.jpg,0
dataT/healthy/healthy_285.jpg,0
dataT/healthy/healthy_286.jpg,0
dataT/healthy/healthy_287.jpg,0
dataT/healthy/healthy_288.jpg,0
dataT/healthy/healthy_289.jpg,0
dataT/healthy/healthy_29.jpg,0
dataT/healthy/healthy_290.jpg,0
dataT/healthy/healthy_291.jpg,0
dataT/healthy/healthy_3.jpg,0
dataT/healthy/healthy_30.jpg,0
dataT/healthy/healthy_3083.jpg,0
dataT/healthy/healthy_3084.jpg,0
dataT/healthy/healthy_3085.jpg,0
dataT/healthy/healthy_3086.jpg,0
dataT/healthy/healthy_3087.jpg,0
dataT/healthy/healthy_3088.jpg,0
dataT/healthy/healthy_3089.jpg,0
dataT/healthy/healthy_3090.jpg,0
dataT/healthy/healthy_3091.jpg,0
dataT/healthy/healthy_3092.jpg,0
dataT/healthy/healthy_3093.jpg,0
dataT/healthy/healthy_3094.jpg,0
dataT/healthy/healthy_3095.jpg,0
dataT/healthy/healthy_3096.jpg,0
dataT/healthy/healthy_3097.jpg,0
dataT/healthy/healthy_3098.jpg,0
dataT/healthy/healthy_3099.jpg,0
dataT/healthy/healthy_31.jpg,0
dataT/healthy/healthy_3100.jpg,0
dataT/healthy/healthy_3101.jpg,0
dataT/healthy/healthy_3102.jpg,0
dataT/healthy/healthy_3103.jpg,0
dataT/healthy/healthy_3104.jpg,0
dataT/healthy/healthy_3105.jpg,0
dataT/healthy/healthy_3106.jpg,0
dataT/healthy/healthy_3107.jpg,0
dataT/healthy/healthy_3108.jpg,0
dataT/healthy/healthy_3109.jpg,0
dataT/healthy/healthy_3110.jpg,0
dataT/healthy/healthy_3111.jpg,0
dataT/healthy/healthy_3112.jpg,0
dataT/healthy/healthy_3113.jpg,0
dataT/healthy/healthy_3114.jpg,0
dataT/healthy/healthy_3115.jpg,0
dataT/healthy/healthy_3116.jpg,0
dataT/healthy/healthy_3117.jpg,0
dataT/healthy/healthy_3118.jpg,0
dataT/healthy/healthy_3119.jpg,0
dataT/healthy/healthy_3120.jpg,0
dataT/healthy/healthy_3121.jpg,0
dataT/healthy/healthy_3122.jpg,0
dataT/healthy/healthy_3123.jpg,0
dataT/healthy/healthy_3124.jpg,0
dataT/healthy/healthy_3125.jpg,0
dataT/healthy/healthy_3126.jpg,0
dataT/healthy/healthy_3127.jpg,0
dataT/healthy/healthy_3128.jpg,0
dataT/healthy/healthy_3129.jpg,0
dataT/healthy/healthy_3130.jpg,0
dataT/healthy/healthy_3131.jpg,0
dataT/healthy/healthy_3132.jpg,0
dataT/healthy/healthy_3133.jpg,0
dataT/healthy/healthy_3134.jpg,0
dataT/healthy/healthy_3135.jpg,0
dataT/healthy/healthy_3136.jpg,0
dataT/healthy/healthy_3137.jpg,0
dataT/healthy/healthy_3138.jpg,0
dataT/healthy/healthy_3139.jpg,0
dataT/healthy/healthy_3140.jpg,0
dataT/healthy/healthy_3141.jpg,0
dataT/healthy/healthy_3142.jpg,0
dataT/healthy/healthy_3143.jpg,0
dataT/healthy/healthy_3144.jpg,0
dataT/healthy/healthy_3145.jpg,0
dataT/healthy/healthy_3146.jpg,0
dataT/healthy/healthy_3147.jpg,0
dataT/healthy/healthy_3148.jpg,0
dataT/healthy/healthy_3149.jpg,0
dataT/healthy/healthy_3150.jpg,0
dataT/healthy/healthy_3151.jpg,0
dataT/healthy/healthy_3152.jpg,0
dataT/healthy/healthy_3153.jpg,0
dataT/healthy/healthy_3154.jpg,0
dataT/healthy/healthy_3155.jpg,0
dataT/healthy/healthy_3156.jpg,0
dataT/healthy/healthy_3157.jpg,0
dataT/healthy/healthy_3158.jpg,0
dataT/healthy/healthy_3159.jpg,0
dataT/healthy/healthy_3160.jpg,0
dataT/healthy/healthy_3161.jpg,0
dataT/healthy/healthy_3162.jpg,0
dataT/healthy/healthy_3163.jpg,0
dataT/healthy/healthy_3164.jpg,0
dataT/healthy/healthy_3165.jpg,0
dataT/healthy/healthy_3166.jpg,0
dataT/healthy/healthy_32.jpg,0
dataT/healthy/healthy_33.jpg,0
dataT/healthy/healthy_3311.jpg,0
dataT/healthy/healthy_3312.jpg,0
dataT/healthy/healthy_3313.jpg,0
dataT/healthy/healthy_3314.jpg,0
dataT/healthy/healthy_3315.jpg,0
dataT/healthy/healthy_3316.jpg,0
dataT/healthy/healthy_3317.jpg,0
dataT/healthy/healthy_3318.jpg,0
dataT/healthy/healthy_3319.jpg,0
dataT/healthy/healthy_3320.jpg,0
dataT/healthy/healthy_3321.jpg,0
dataT/healthy/healthy_3322.jpg,0
dataT/healthy/healthy_3323.jpg,0
dataT/healthy/healthy_3324.jpg,0
dataT/healthy/healthy_3325.jpg,0
dataT/healthy/healthy_3326.jpg,0
dataT/healthy/healthy_3327.jpg,0
dataT/healthy/healthy_3328.jpg,0
dataT/healthy/healthy_3329.jpg,0
dataT/healthy/healthy_3330.jpg,0
dataT/healthy/healthy_3331.jpg,0
dataT/healthy/healthy_3332.jpg,0
dataT/healthy/healthy_3333.jpg,0
dataT/healthy/healthy_3334.jpg,0
dataT/healthy/healthy_3335.jpg,0
dataT/healthy/healthy_3336.jpg,0
dataT/healthy/healthy_3337.jpg,0
dataT/healthy/healthy_3338.jpg,0
dataT/healthy/healthy_3339.jpg,0
dataT/healthy/healthy_3340.jpg,0
dataT/healthy/healthy_3341.jpg,0
dataT/healthy/healthy_3342.jpg,0
dataT/healthy/healthy_3343.jpg,0
dataT/healthy/healthy_3344.jpg,0
dataT/healthy/healthy_34.jpg,0
dataT/healthy/healthy_35.jpg,0
dataT/healthy/healthy_36.jpg,0
dataT/healthy/healthy_37.jpg,0
dataT/healthy/healthy_38.jpg,0
dataT/healthy/healthy_39.jpg,0
dataT/healthy/healthy_4.jpg,0
dataT/healthy/healthy_40.jpg,0
dataT/healthy/healthy_41.jpg,0
dataT/healthy/healthy_411.jpg,0
dataT/healthy/healthy_412.jpg,0
dataT/healthy/healthy_413.jpg,0
dataT/healthy/healthy_414.jpg,0
dataT/healthy/healthy_415.jpg,0
dataT/healthy/healthy_416.jpg,0
dataT/healthy/healthy_417.jpg,0
dataT/healthy/healthy_418.jpg,0
dataT/healthy/healthy_419.jpg,0
dataT/healthy/healthy_42.jpg,0
dataT/healthy/healthy_420.jpg,0
dataT/healthy/healthy_421.jpg,0
dataT/healthy/healthy_422.jpg,0
dataT/healthy/healthy_423.jpg,0
dataT/healthy/healthy_424.jpg,0
dataT/healthy/healthy_425.jpg,0
dataT/healthy/healthy_426.jpg,0
dataT/healthy/healthy_427.jpg,0
dataT/healthy/healthy_428.jpg,0
dataT/healthy/healthy_429.jpg,0
dataT/healthy/healthy_43.jpg,0
dataT/healthy/healthy_430.jpg,0
dataT/healthy/healthy_431.jpg,0
dataT/healthy/healthy_432.jpg,0
dataT/healthy/healthy_433.jpg,0
dataT/healthy/healthy_434.jpg,0
dataT/healthy/healthy_435.jpg,0
dataT/healthy/healthy_436.jpg,0
dataT/healthy/healthy_437.jpg,0
dataT/healthy/healthy_438.jpg,0
dataT/healthy/healthy_439.jpg,0
dataT/healthy/healthy_44.jpg,0
dataT/healthy/healthy_440.jpg,0
dataT/healthy/healthy_441.jpg,0
dataT/healthy/healthy_442.jpg,0
dataT/healthy/healthy_443.jpg,0
dataT/healthy/healthy_444.jpg,0
dataT/healthy/healthy_445.jpg,0
dataT/healthy/healthy_446.jpg,0
dataT/healthy/healthy_447.jpg,0
dataT/healthy/healthy_448.jpg,0
dataT/healthy/healthy_449.jpg,0
dataT/healthy/healthy_45.jpg,0
dataT/healthy/healthy_450.jpg,0
dataT/healthy/healthy_451.jpg,0
dataT/healthy/healthy_452.jpg,0
dataT/healthy/healthy_453.jpg,0
dataT/healthy/healthy_454.jpg,0
dataT/healthy/healthy_455.jpg,0
dataT/healthy/healthy_456.jpg,0
dataT/healthy/healthy_457.jpg,0
dataT/healthy/healthy_458.jpg,0
dataT/healthy/healthy_459.jpg,0
dataT/healthy/healthy_46.jpg,0
dataT/healthy/healthy_460.jpg,0
dataT/healthy/healthy_461.jpg,0
dataT/healthy/healthy_462.jpg,0
dataT/healthy/healthy_463.jpg,0
dataT/healthy/healthy_464.jpg,0
dataT/healthy/healthy_465.jpg,0
dataT/healthy/healthy_466.jpg,0
dataT/healthy/healthy_467.jpg,0
dataT/healthy/healthy_468.jpg,0
dataT/healthy/healthy_469.jpg,0
dataT/healthy/healthy_47.jpg,0
dataT/healthy/healthy_470.jpg,0
dataT/healthy/healthy_48.jpg,0
dataT/healthy/healthy_49.jpg,0
dataT/healthy/healthy_5.jpg,0
dataT/healthy/healthy_50.jpg,0
dataT/healthy/healthy_51.jpg,0
dataT/healthy/healthy_52.jpg,0
dataT/healthy/healthy_53.jpg,0
dataT/healthy/healthy_54.jpg,0
dataT/healthy/healthy_55.jpg,0
dataT/healthy/healthy_56.jpg,0
dataT/healthy/healthy_565.jpg,0
dataT/healthy/healthy_566.jpg,0
dataT/healthy/healthy_567.jpg,0
dataT/healthy/healthy_568.jpg,0
dataT/healthy/healthy_569.jpg,0
dataT/healthy/healthy_57.jpg,0
dataT/healthy/healthy_570.jpg,0
dataT/healthy/healthy_571.jpg,0
dataT/healthy/healthy_572.jpg,0
dataT/healthy/healthy_573.jpg,0
dataT/healthy/healthy_574.jpg,0
dataT/healthy/healthy_575.jpg,0
dataT/healthy/healthy_576.jpg,0
dataT/healthy/healthy_577.jpg,0
dataT/healthy/healthy_578.jpg,0
dataT/healthy/healthy_579.jpg,0
dataT/healthy/healthy_58.jpg,0
dataT/healthy/healthy_580.jpg,0
dataT/healthy/healthy_581.jpg,0
dataT/healthy/healthy_582.jpg,0
dataT/healthy/healthy_583.jpg,0
dataT/healthy/healthy_584.jpg,0
dataT/healthy/healthy_585.jpg,0
dataT/healthy/healthy_586.jpg,0
dataT/healthy/healthy_587.jpg,0
dataT/healthy/healthy_588.jpg,0
dataT/healthy/healthy_589.jpg,0
dataT/healthy/healthy_59.jpg,0
dataT/healthy/healthy_590.jpg,0
dataT/healthy/healthy_591.jpg,0
dataT/healthy/healthy_592.jpg,0
dataT/healthy/healthy_593.jpg,0
dataT/healthy/healthy_594.jpg,0
dataT/healthy/healthy_595.jpg,0
dataT/healthy/healthy_596.jpg,0
dataT/healthy/healthy_597.jpg,0
dataT/healthy/healthy_598.jpg,0
dataT/healthy/healthy_599.jpg,0
dataT/healthy/healthy_6.jpg,0
dataT/healthy/healthy_60.jpg,0
dataT/healthy/healthy_600.jpg,0
dataT/healthy/healthy_601.jpg,0
dataT/healthy/healthy_602.jpg,0
dataT/healthy/healthy_603.jpg,0
dataT/healthy/healthy_604.jpg,0
dataT/healthy/healthy_605.jpg,0
dataT/healthy/healthy_606.jpg,0
dataT/healthy/healthy_607.jpg,0
dataT/healthy/healthy_608.jpg,0
dataT/healthy/healthy_609.jpg,0
dataT/healthy/healthy_61.jpg,0
dataT/healthy/healthy_610.jpg,0
dataT/healthy/healthy_611.jpg,0
dataT/healthy/healthy_612.jpg,0
dataT/healthy/healthy_613.jpg,0
dataT/healthy/healthy_614.jpg,0
dataT/healthy/healthy_615.jpg,0
dataT/healthy/healthy_616.jpg,0
dataT/healthy/healthy_617.jpg,0
dataT/healthy/healthy_618.jpg,0
dataT/healthy/healthy_619.jpg,0
dataT/healthy/healthy_62.jpg,0
dataT/healthy/healthy_620.jpg,0
dataT/healthy/healthy_621.jpg,0
dataT/healthy/healthy_622.jpg,0
dataT/healthy/healthy_623.jpg,0
dataT/healthy/healthy_624.jpg,0
dataT/healthy/healthy_625.jpg,0
dataT/healthy/healthy_626.jpg,0
dataT/healthy/healthy_627.jpg,0
dataT/healthy/healthy_628.jpg,0
dataT/healthy/healthy_629.jpg,0
dataT/healthy/healthy_63.jpg,0
dataT/healthy/healthy_630.jpg,0
dataT/healthy/healthy_631.jpg,0
dataT/healthy/healthy_632.jpg,0
dataT/healthy/healthy_633.jpg,0
dataT/healthy/healthy_634.jpg,0
dataT/healthy/healthy_635.jpg,0
dataT/healthy/healthy_636.jpg,0
dataT/healthy/healthy_637.jpg,0
dataT/healthy/healthy_638.jpg,0
dataT/healthy/healthy_639.jpg,0
dataT/healthy/healthy_64.jpg,0
dataT/healthy/healthy_640.jpg,0
dataT/healthy/healthy_641.jpg,0
dataT/healthy/healthy_642.jpg,0
dataT/healthy/healthy_643.jpg,0
dataT/healthy/healthy_644.jpg,0
dataT/healthy/healthy_645.jpg,0
dataT/healthy/healthy_646.jpg,0
dataT/healthy/healthy_647.jpg,0
dataT/healthy/healthy_648.jpg,0
dataT/healthy/healthy_649.jpg,0
dataT/healthy/healthy_65.jpg,0
dataT/healthy/healthy_650.jpg,0
dataT/healthy/healthy_651.jpg,0
dataT/healthy/healthy_652.jpg,0
dataT/healthy/healthy_653.jpg,0
dataT/healthy/healthy_654.jpg,0
dataT/healthy/healthy_655.jpg,0
dataT/healthy/healthy_656.jpg,0
dataT/healthy/healthy_657.jpg,0
dataT/healthy/healthy_658.jpg,0
dataT/healthy/healthy_659.jpg,0
dataT/healthy/healthy_66.jpg,0
dataT/healthy/healthy_660.jpg,0
dataT/healthy/healthy_661.jpg,0
dataT/healthy/healthy_662.jpg,0
dataT/healthy/healthy_663.jpg,0
dataT/healthy/healthy_664.jpg,0
dataT/healthy/healthy_665.jpg,0
dataT/healthy/healthy_666.jpg,0
dataT/healthy/healthy_667.jpg,0
dataT/healthy/healthy_668.jpg,0
dataT/healthy/healthy_669.jpg,0
dataT/healthy/healthy_67.jpg,0
dataT/healthy/healthy_670.jpg,0
dataT/healthy/healthy_671.jpg,0
dataT/healthy/healthy_672.jpg,0
dataT/healthy/healthy_673.jpg,0
dataT/healthy/healthy_674.jpg,0
dataT/healthy/healthy_675.jpg,0
dataT/healthy/healthy_676.jpg,0
dataT/healthy/healthy_677.jpg,0
dataT/healthy/healthy_678.jpg,0
dataT/healthy/healthy_679.jpg,0
dataT/healthy/healthy_68.jpg,0
dataT/healthy/healthy_680.jpg,0
dataT/healthy/healthy_681.jpg,0
dataT/healthy/healthy_682.jpg,0
dataT/healthy/healthy_683.jpg,0
dataT/healthy/healthy_684.jpg,0
dataT/healthy/healthy_685.jpg,0
dataT/healthy/healthy_686.jpg,0
dataT/healthy/healthy_687.jpg,0
dataT/healthy/healthy_688.jpg,0
dataT/healthy/healthy_689.jpg,0
dataT/healthy/healthy_69.jpg,0
dataT/healthy/healthy_690.jpg,0
dataT/healthy/healthy_691.jpg,0
dataT/healthy/healthy_692.jpg,0
dataT/healthy/healthy_693.jpg,0
dataT/healthy/healthy_694.jpg,0
dataT/healthy/healthy_695.jpg,0
dataT/healthy/healthy_696.jpg,0
dataT/healthy/healthy_697.jpg,0
dataT/healthy/healthy_7.jpg,0
dataT/healthy/healthy_70.jpg,0
dataT/healthy/healthy_71.jpg,0
dataT/healthy/healthy_72.jpg,0
dataT/healthy/healthy_73.jpg,0
dataT/healthy/healthy_74.jpg,0
dataT/healthy/healthy_75.jpg,0
dataT/healthy/healthy_76.jpg,0
dataT/healthy/healthy_77.jpg,0
dataT/healthy/healthy_78.jpg,0
dataT/healthy/healthy_79.jpg,0
dataT/healthy/healthy_8.jpg,0
dataT/healthy/healthy_80.jpg,0
dataT/healthy/healthy_81.jpg,0
dataT/healthy/healthy_82.jpg,0
dataT/healthy/healthy_83.jpg,0
dataT/healthy/healthy_84.jpg,0
dataT/healthy/healthy_85.jpg,0
dataT/healthy/healthy_86.jpg,0
dataT/healthy/healthy_87.jpg,0
dataT/healthy/healthy_88.jpg,0
dataT/healthy/healthy_89.jpg,0
dataT/healthy/healthy_9.jpg,0
dataT/healthy/healthy_90.jpg,0
dataT/healthy/healthy_91.jpg,0
dataT/healthy/healthy_92.jpg,0
dataT/healthy/healthy_93.jpg,0
dataT/healthy/healthy_94.jpg,0
dataT/healthy/healthy_95.jpg,0
dataT/healthy/healthy_96.jpg,0
dataT/healthy/healthy_97.jpg,0
dataT/healthy/healthy_98.jpg,0
dataT/healthy/healthy_99.jpg,0
dataT/pod_rot_black/black_pod_rot_1.jpg,1
dataT/pod_rot_black/black_pod_rot_10.jpg,1
dataT/pod_rot_black/black_pod_rot_100.jpg,1
dataT/pod_rot_black/black_pod_rot_101.jpg,1
dataT/pod_rot_black/black_pod_rot_102.jpg,1
dataT/pod_rot_black/black_pod_rot_103.jpg,1
dataT/pod_rot_black/black_pod_rot_104.jpg,1
dataT/pod_rot_black/black_pod_rot_105.jpg,1
dataT/pod_rot_black/black_pod_rot_106.jpg,1
dataT/pod_rot_black/black_pod_rot_107.jpg,1
dataT/pod_rot_black/black_pod_rot_108.jpg,1
dataT/pod_rot_black/black_pod_rot_109.jpg,1
dataT/pod_rot_black/black_pod_rot_11.jpg,1
dataT/pod_rot_black/black_pod_rot_110.jpg,1
dataT/pod_rot_black/black_pod_rot_111.jpg,1
dataT/pod_rot_black/black_pod_rot_112.jpg,1
dataT/pod_rot_black/black_pod_rot_113.jpg,1
dataT/pod_rot_black/black_pod_rot_114.jpg,1
dataT/pod_rot_black/black_pod_rot_115.jpg,1
dataT/pod_rot_black/black_pod_rot_116.jpg,1
dataT/pod_rot_black/black_pod_rot_117.jpg,1
dataT/pod_rot_black/black_pod_rot_118.jpg,1
dataT/pod_rot_black/black_pod_rot_119.jpg,1
dataT/pod_rot_black/black_pod_rot_12.jpg,1
dataT/pod_rot_black/black_pod_rot_120.jpg,1
dataT/pod_rot_black/black_pod_rot_121.jpg,1
dataT/pod_rot_black/black_pod_rot_122.jpg,1
dataT/pod_rot_black/black_pod_rot_123.jpg,1
dataT/pod_rot_black/black_pod_rot_124.jpg,1
dataT/pod_rot_black/black_pod_rot_125.jpg,1
dataT/pod_rot_black/black_pod_rot_126.jpg,1
dataT/pod_rot_black/black_pod_rot_127.jpg,1
dataT/pod_rot_black/black_pod_rot_128.jpg,1
dataT/pod_rot_black/black_pod_rot_129.jpg,1
dataT/pod_rot_black/black_pod_rot_13.jpg,1
dataT/pod_rot_black/black_pod_rot_130.jpg,1
dataT/pod_rot_black/black_pod_rot_131.jpg,1
dataT/pod_rot_black/black_pod_rot_132.jpg,1
dataT/pod_rot_black/black_pod_rot_133.jpg,1
dataT/pod_rot_black/black_pod_rot_134.jpg,1
dataT/pod_rot_black/black_pod_rot_135.jpg,1
dataT/pod_rot_black/black_pod_rot_136.jpg,1
dataT/pod_rot_black/black_pod_rot_137.jpg,1
dataT/pod_rot_black/black_pod_rot_138.jpg,1
dataT/pod_rot_black/black_pod_rot_139.jpg,1
dataT/pod_rot_black/black_pod_rot_14.jpg,1
dataT/pod_rot_black/black_pod_rot_140.jpg,1
dataT/pod_rot_black/black_pod_rot_141.jpg,1
dataT/pod_rot_black/black_pod_rot_142.jpg,1
dataT/pod_rot_black/black_pod_rot_143.jpg,1
dataT/pod_rot_black/black_pod_rot_144.jpg,1
dataT/pod_rot_black/black_pod_rot_145.jpg,1
dataT/pod_rot_black/black_pod_rot_146.jpg,1
dataT/pod_rot_black/black_pod_rot_147.jpg,1
dataT/pod_rot_black/black_pod_rot_148.jpg,1
dataT/pod_rot_black/black_pod_rot_149.jpg,1
dataT/pod_rot_black/black_pod_rot_15.jpg,1
dataT/pod_rot_black/black_pod_rot_150.jpg,1
dataT/pod_rot_black/black_pod_rot_151.jpg,1
dataT/pod_rot_black/black_pod_rot_152.jpg,1
dataT/pod_rot_black/black_pod_rot_153.jpg,1
dataT/pod_rot_black/black_pod_rot_154.jpg,1
dataT/pod_rot_black/black_pod_rot_155.jpg,1
dataT/pod_rot_black/black_pod_rot_156.jpg,1
dataT/pod_rot_black/black_pod_rot_157.jpg,1
dataT/pod_rot_black/black_pod_rot_158.jpg,1
dataT/pod_rot_black/black_pod_rot_159.jpg,1
dataT/pod_rot_black/black_pod_rot_16.jpg,1
dataT/pod_rot_black/black_pod_rot_160.jpg,1
dataT/pod_rot_black/black_pod_rot_161.jpg,1
dataT/pod_rot_black/black_pod_rot_162.jpg,1
dataT/pod_rot_black/black_pod_rot_163.jpg,1
dataT/pod_rot_black/black_pod_rot_164.jpg,1
dataT/pod_rot_black/black_pod_rot_165.jpg,1
dataT/pod_rot_black/black_pod_rot_166.jpg,1
dataT/pod_rot_black/black_pod_rot_167.jpg,1
dataT/pod_rot_black/black_pod_rot_168.jpg,1
dataT/pod_rot_black/black_pod_rot_169.jpg,1
dataT/pod_rot_black/black_pod_rot_17.jpg,1
dataT/pod_rot_black/black_pod_rot_170.jpg,1
dataT/pod_rot_black/black_pod_rot_171.jpg,1
dataT/pod_rot_black/black_pod_rot_172.jpg,1
dataT/pod_rot_black/black_pod_rot_173.jpg,1
dataT/pod_rot_black/black_pod_rot_174.jpg,1
dataT/pod_rot_black/black_pod_rot_175.jpg,1
dataT/pod_rot_black/black_pod_rot_176.jpg,1
dataT/pod_rot_black/black_pod_rot_177.jpg,1
dataT/pod_rot_black/black_pod_rot_178.jpg,1
dataT/pod_rot_black/black_pod_rot_179.jpg,1
dataT/pod_rot_black/black_pod_rot_18.jpg,1
dataT/pod_rot_black/black_pod_rot_180.jpg,1
dataT/pod_rot_black/black_pod_rot_181.jpg,1
dataT/pod_rot_black/black_pod_rot_182.jpg,1
dataT/pod_rot_black/black_pod_rot_183.jpg,1
dataT/pod_rot_black/black_pod_rot_184.jpg,1
dataT/pod_rot_black/black_pod_rot_185.jpg,1
dataT/pod_rot_black/black_pod_rot_186.jpg,1
dataT/pod_rot_black/black_pod_rot_187.jpg,1
dataT/pod_rot_black/black_pod_rot_188.jpg,1
dataT/pod_rot_black/black_pod_rot_189.jpg,1
dataT/pod_rot_black/black_pod_rot_19.jpg,1
dataT/pod_rot_black/black_pod_rot_190.jpg,1
dataT/pod_rot_black/black_pod_rot_191.jpg,1
dataT/pod_rot_black/black_pod_rot_192.jpg,1
dataT/pod_rot_black/black_pod_rot_193.jpg,1
dataT/pod_rot_black/black_pod_rot_194.jpg,1
dataT/pod_rot_black/black_pod_rot_195.jpg,1
dataT/pod_rot_black/black_pod_rot_196.jpg,1
dataT/pod_rot_black/black_pod_rot_197.jpg,1
dataT/pod_rot_black/black_pod_rot_198.jpg,1
dataT/pod_rot_black/black_pod_rot_199.jpg,1
dataT/pod_rot_black/black_pod_rot_2.jpg,1
dataT/pod_rot_black/black_pod_rot_20.jpg,1
dataT/pod_rot_black/black_pod_rot_200.jpg,1
dataT/pod_rot_black/black_pod_rot_201.jpg,1
dataT/pod_rot_black/black_pod_rot_202.jpg,1
dataT/pod_rot_black/black_pod_rot_203.jpg,1
dataT/pod_rot_black/black_pod_rot_204.jpg,1
dataT/pod_rot_black/black_pod_rot_205.jpg,1
dataT/pod_rot_black/black_pod_rot_206.jpg,1
dataT/pod_rot_black/black_pod_rot_207.jpg,1
dataT/pod_rot_black/black_pod_rot_208.jpg,1
dataT/pod_rot_black/black_pod_rot_209.jpg,1
dataT/pod_rot_black/black_pod_rot_21.jpg,1
dataT/pod_rot_black/black_pod_rot_210.jpg,1
dataT/pod_rot_black/black_pod_rot_211.jpg,1
dataT/pod_rot_black/black_pod_rot_212.jpg,1
dataT/pod_rot_black/black_pod_rot_213.jpg,1
dataT/pod_rot_black/black_pod_rot_214.jpg,1
dataT/pod_rot_black/black_pod_rot_215.jpg,1
dataT/pod_rot_black/black_pod_rot_216.jpg,1
dataT/pod_rot_black/black_pod_rot_217.jpg,1
dataT/pod_rot_black/black_pod_rot_218.jpg,1
dataT/pod_rot_black/black_pod_rot_219.jpg,1
dataT/pod_rot_black/black_pod_rot_22.jpg,1
dataT/pod_rot_black/black_pod_rot_220.jpg,1
dataT/pod_rot_black/black_pod_rot_221.jpg,1
dataT/pod_rot_black/black_pod_rot_222.jpg,1
dataT/pod_rot_black/black_pod_rot_223.jpg,1
dataT/pod_rot_black/black_pod_rot_224.jpg,1
dataT/pod_rot_black/black_pod_rot_225.jpg,1
dataT/pod_rot_black/black_pod_rot_226.jpg,1
dataT/pod_rot_black/black_pod_rot_227.jpg,1
dataT/pod_rot_black/black_pod_rot_228.jpg,1
dataT/pod_rot_black/black_pod_rot_229.jpg,1
dataT/pod_rot_black/black_pod_rot_23.jpg,1
dataT/pod_rot_black/black_pod_rot_230.jpg,1
dataT/pod_rot_black/black_pod_rot_231.jpg,1
dataT/pod_rot_black/black_pod_rot_232.jpg,1
dataT/pod_rot_black/black_pod_rot_233.jpg,1
dataT/pod_rot_black/black_pod_rot_234.jpg,1
dataT/pod_rot_black/black_pod_rot_235.jpg,1
dataT/pod_rot_black/black_pod_rot_236.jpg,1
dataT/pod_rot_black/black_pod_rot_237.jpg,1
dataT/pod_rot_black/black_pod_rot_238.jpg,1
dataT/pod_rot_black/black_pod_rot_239.jpg,1
dataT/pod_rot_black/black_pod_rot_24.jpg,1
dataT/pod_rot_black/black_pod_rot_240.jpg,1
dataT/pod_rot_black/black_pod_rot_241.jpg,1
dataT/pod_rot_black/black_pod_rot_242.jpg,1
dataT/pod_rot_black/black_pod_rot_243.jpg,1
dataT/pod_rot_black/black_pod_rot_244.jpg,1
dataT/pod_rot_black/black_pod_rot_245.jpg,1
dataT/pod_rot_black/black_pod_rot_246.jpg,1
dataT/pod_rot_black/black_pod_rot_247.jpg,1
dataT/pod_rot_black/black_pod_rot_248.jpg,1
dataT/pod_rot_black/black_pod_rot_249.jpg,1
dataT/pod_rot_black/black_pod_rot_25.jpg,1
dataT/pod_rot_black/black_pod_rot_250.jpg,1
dataT/pod_rot_black/black_pod_rot_251.jpg,1
dataT/pod_rot_black/black_pod_rot_252.jpg,1
dataT/pod_rot_black/black_pod_rot_253.jpg,1
dataT/pod_rot_black/black_pod_rot_254.jpg,1
dataT/pod_rot_black/black_pod_rot_255.jpg,1
dataT/pod_rot_black/black_pod_rot_256.jpg,1
dataT/pod_rot_black/black_pod_rot_257.jpg,1
dataT/pod_rot_black/black_pod_rot_258.jpg,1
dataT/pod_rot_black/black_pod_rot_259.jpg,1
dataT/pod_rot_black/black_pod_rot_26.jpg,1
dataT/pod_rot_black/black_pod_rot_260.jpg,1
dataT/pod_rot_black/black_pod_rot_261.jpg,1
dataT/pod_rot_black/black_pod_rot_262.jpg,1
dataT/pod_rot_black/black_pod_rot_263.jpg,1
dataT/pod_rot_black/black_pod_rot_264.jpg,1
dataT/pod_rot_black/black_pod_rot_265.jpg,1
dataT/pod_rot_black/black_pod_rot_266.jpg,1
dataT/pod_rot_black/black_pod_rot_267.jpg,1
dataT/pod_rot_black/black_pod_rot_268.jpg,1
dataT/pod_rot_black/black_pod_rot_269.jpg,1
dataT/pod_rot_black/black_pod_rot_27.jpg,1
dataT/pod_rot_black/black_pod_rot_270.jpg,1
dataT/pod_rot_black/black_pod_rot_271.jpg,1
dataT/pod_rot_black/black_pod_rot_272.jpg,1
dataT/pod_rot_black/black_pod_rot_273.jpg,1
dataT/pod_rot_black/black_pod_rot_274.jpg,1
dataT/pod_rot_black/black_pod_rot_275.jpg,1
dataT/pod_rot_black/black_pod_rot_276.jpg,1
dataT/pod_rot_black/black_pod_rot_277.jpg,1
dataT/pod_rot_black/black_pod_rot_278.jpg,1
dataT/pod_rot_black/black_pod_rot_279.jpg,1
dataT/pod_rot_black/black_pod_rot_28.jpg,1
dataT/pod_rot_black/black_pod_rot_280.jpg,1
dataT/pod_rot_black/black_pod_rot_281.jpg,1
dataT/pod_rot_black/black_pod_rot_282.jpg,1
dataT/pod_rot_black/black_pod_rot_283.jpg,1
dataT/pod_rot_black/black_pod_rot_284.jpg,1
dataT/pod_rot_black/black_pod_rot_285.jpg,1
dataT/pod_rot_black/black_pod_rot_286.jpg,1
dataT/pod_rot_black/black_pod_rot_287.jpg,1
dataT/pod_rot_black/black_pod_rot_288.jpg,1
dataT/pod_rot_black/black_pod_rot_289.jpg,1
dataT/pod_rot_black/black_pod_rot_29.jpg,1
dataT/pod_rot_black/black_pod_rot_290.jpg,1
dataT/pod_rot_black/black_pod_rot_291.jpg,1
dataT/pod_rot_black/black_pod_rot_292.jpg,1
dataT/pod_rot_black/black_pod_rot_293.jpg,1
dataT/pod_rot_black/black_pod_rot_294.jpg,1
dataT/pod_rot_black/black_pod_rot_295.jpg,1
dataT/pod_rot_black/black_pod_rot_296.jpg,1
dataT/pod_rot_black/black_pod_rot_297.jpg,1
dataT/pod_rot_black/black_pod_rot_298.jpg,1
dataT/pod_rot_black/black_pod_rot_299.jpg,1
dataT/pod_rot_black/black_pod_rot_3.jpg,1
dataT/pod_rot_black/black_pod_rot_30.jpg,1
dataT/pod_rot_black/black_pod_rot_300.jpg,1
dataT/pod_rot_black/black_pod_rot_301.jpg,1
dataT/pod_rot_black/black_pod_rot_302.jpg,1
dataT/pod_rot_black/black_pod_rot_303.jpg,1
dataT/pod_rot_black/black_pod_rot_304.jpg,1
dataT/pod_rot_black/black_pod_rot_305.jpg,1
dataT/pod_rot_black/black_pod_rot_306.jpg,1
dataT/pod_rot_black/black_pod_rot_307.jpg,1
dataT/pod_rot_black/black_pod_rot_308.jpg,1
dataT/pod_rot_black/black_pod_rot_309.jpg,1
dataT/pod_rot_black/black_pod_rot_31.jpg,1
dataT/pod_rot_black/black_pod_rot_310.jpg,1
dataT/pod_rot_black/black_pod_rot_311.jpg,1
dataT/pod_rot_black/black_pod_rot_312.jpg,1
dataT/pod_rot_black/black_pod_rot_313.jpg,1
dataT/pod_rot_black/black_pod_rot_314.jpg,1
dataT/pod_rot_black/black_pod_rot_315.jpg,1
dataT/pod_rot_black/black_pod_rot_316.jpg,1
dataT/pod_rot_black/black_pod_rot_317.jpg,1
dataT/pod_rot_black/black_pod_rot_318.jpg,1
dataT/pod_rot_black/black_pod_rot_319.jpg,1
dataT/pod_rot_black/black_pod_rot_32.jpg,1
dataT/pod_rot_black/black_pod_rot_320.jpg,1
dataT/pod_rot_black/black_pod_rot_321.jpg,1
dataT/pod_rot_black/black_pod_rot_322.jpg,1
dataT/pod_rot_black/black_pod_rot_323.jpg,1
dataT/pod_rot_black/black_pod_rot_324.jpg,1
dataT/pod_rot_black/black_pod_rot_325.jpg,1
dataT/pod_rot_black/black_pod_rot_326.jpg,1
dataT/pod_rot_black/black_pod_rot_327.jpg,1
dataT/pod_rot_black/black_pod_rot_328.jpg,1
dataT/pod_rot_black/black_pod_rot_329.jpg,1
dataT/pod_rot_black/black_pod_rot_33.jpg,1
dataT/pod_rot_black/black_pod_rot_330.jpg,1
dataT/pod_rot_black/black_pod_rot_331.jpg,1
dataT/pod_rot_black/black_pod_rot_332.jpg,1
dataT/pod_rot_black/black_pod_rot_333.jpg,1
dataT/pod_rot_black/black_pod_rot_334.jpg,1
dataT/pod_rot_black/black_pod_rot_335.jpg,1
dataT/pod_rot_black/black_pod_rot_336.jpg,1
dataT/pod_rot_black/black_pod_rot_337.jpg,1
dataT/pod_rot_black/black_pod_rot_338.jpg,1
dataT/pod_rot_black/black_pod_rot_339.jpg,1
dataT/pod_rot_black/black_pod_rot_34.jpg,1
dataT/pod_rot_black/black_pod_rot_340.jpg,1
dataT/pod_rot_black/black_pod_rot_341.jpg,1
dataT/pod_rot_black/black_pod_rot_342.jpg,1
dataT/pod_rot_black/black_pod_rot_343.jpg,1
dataT/pod_rot_black/black_pod_rot_344.jpg,1
dataT/pod_rot_black/black_pod_rot_345.jpg,1
dataT/pod_rot_black/black_pod_rot_346.jpg,1
dataT/pod_rot_black/black_pod_rot_347.jpg,1
dataT/pod_rot_black/black_pod_rot_348.jpg,1
dataT/pod_rot_black/black_pod_rot_349.jpg,1
dataT/pod_rot_black/black_pod_rot_35.jpg,1
dataT/pod_rot_black/black_pod_rot_350.jpg,1
dataT/pod_rot_black/black_pod_rot_351.jpg,1
dataT/pod_rot_black/black_pod_rot_352.jpg,1
dataT/pod_rot_black/black_pod_rot_353.jpg,1
dataT/pod_rot_black/black_pod_rot_354.jpg,1
dataT/pod_rot_black/black_pod_rot_355.jpg,1
dataT/pod_rot_black/black_pod_rot_356.jpg,1
dataT/pod_rot_black/black_pod_rot_357.jpg,1
dataT/pod_rot_black/black_pod_rot_358.jpg,1
dataT/pod_rot_black/black_pod_rot_359.jpg,1
dataT/pod_rot_black/black_pod_rot_36.jpg,1
dataT/pod_rot_black/black_pod_rot_360.jpg,1
dataT/pod_rot_black/black_pod_rot_361.jpg,1
dataT/pod_rot_black/black_pod_rot_362.jpg,1
dataT/pod_rot_black/black_pod_rot_363.jpg,1
dataT/pod_rot_black/black_pod_rot_364.jpg,1
dataT/pod_rot_black/black_pod_rot_365.jpg,1
dataT/pod_rot_black/black_pod_rot_366.jpg,1
dataT/pod_rot_black/black_pod_rot_367.jpg,1
dataT/pod_rot_black/black_pod_rot_368.jpg,1
dataT/pod_rot_black/black_pod_rot_369.jpg,1
dataT/pod_rot_black/black_pod_rot_37.jpg,1
dataT/pod_rot_black/black_pod_rot_370.jpg,1
dataT/pod_rot_black/black_pod_rot_371.jpg,1
dataT/pod_rot_black/black_pod_rot_372.jpg,1
dataT/pod_rot_black/black_pod_rot_373.jpg,1
dataT/pod_rot_black/black_pod_rot_374.jpg,1
dataT/pod_rot_black/black_pod_rot_375.jpg,1
dataT/pod_rot_black/black_pod_rot_376.jpg,1
dataT/pod_rot_black/black_pod_rot_377.jpg,1
dataT/pod_rot_black/black_pod_rot_378.jpg,1
dataT/pod_rot_black/black_pod_rot_379.jpg,1
dataT/pod_rot_black/black_pod_rot_38.jpg,1
dataT/pod_rot_black/black_pod_rot_380.jpg,1
dataT/pod_rot_black/black_pod_rot_381.jpg,1
dataT/pod_rot_black/black_pod_rot_382.jpg,1
dataT/pod_rot_black/black_pod_rot_383.jpg,1
dataT/pod_rot_black/black_pod_rot_384.jpg,1
dataT/pod_rot_black/black_pod_rot_385.jpg,1
dataT/pod_rot_black/black_pod_rot_386.jpg,1
dataT/pod_rot_black/black_pod_rot_387.jpg,1
dataT/pod_rot_black/black_pod_rot_388.jpg,1
dataT/pod_rot_black/black_pod_rot_389.jpg,1
dataT/pod_rot_black/black_pod_rot_39.jpg,1
dataT/pod_rot_black/black_pod_rot_390.jpg,1
dataT/pod_rot_black/black_pod_rot_391.jpg,1
dataT/pod_rot_black/black_pod_rot_392.jpg,1
dataT/pod_rot_black/black_pod_rot_393.jpg,1
dataT/pod_rot_black/black_pod_rot_394.jpg,1
dataT/pod_rot_black/black_pod_rot_395.jpg,1
dataT/pod_rot_black/black_pod_rot_396.jpg,1
dataT/pod_rot_black/black_pod_rot_397.jpg,1
dataT/pod_rot_black/black_pod_rot_398.jpg,1
dataT/pod_rot_black/black_pod_rot_399.jpg,1
dataT/pod_rot_black/black_pod_rot_4.jpg,1
dataT/pod_rot_black/black_pod_rot_40.jpg,1
dataT/pod_rot_black/black_pod_rot_400.jpg,1
dataT/pod_rot_black/black_pod_rot_401.jpg,1
dataT/pod_rot_black/black_pod_rot_402.jpg,1
dataT/pod_rot_black/black_pod_rot_403.jpg,1
dataT/pod_rot_black/black_pod_rot_404.jpg,1
dataT/pod_rot_black/black_pod_rot_405.jpg,1
dataT/pod_rot_black/black_pod_rot_406.jpg,1
dataT/pod_rot_black/black_pod_rot_407.jpg,1
dataT/pod_rot_black/black_pod_rot_408.jpg,1
dataT/pod_rot_black/black_pod_rot_409.jpg,1
dataT/pod_rot_black/black_pod_rot_41.jpg,1
dataT/pod_rot_black/black_pod_rot_410.jpg,1
dataT/pod_rot_black/black_pod_rot_411.jpg,1
dataT/pod_rot_black/black_pod_rot_412.jpg,1
dataT/pod_rot_black/black_pod_rot_413.jpg,1
dataT/pod_rot_black/black_pod_rot_414.jpg,1
dataT/pod_rot_black/black_pod_rot_415.jpg,1
dataT/pod_rot_black/black_pod_rot_416.jpg,1
dataT/pod_rot_black/black_pod_rot_417.jpg,1
dataT/pod_rot_black/black_pod_rot_418.jpg,1
dataT/pod_rot_black/black_pod_rot_419.jpg,1
dataT/pod_rot_black/black_pod_rot_42.jpg,1
dataT/pod_rot_black/black_pod_rot_420.jpg,1
dataT/pod_rot_black/black_pod_rot_421.jpg,1
dataT/pod_rot_black/black_pod_rot_422.jpg,1
dataT/pod_rot_black/black_pod_rot_423.jpg,1
dataT/pod_rot_black/black_pod_rot_424.jpg,1
dataT/pod_rot_black/black_pod_rot_425.jpg,1
dataT/pod_rot_black/black_pod_rot_426.jpg,1
dataT/pod_rot_black/black_pod_rot_427.jpg,1
dataT/pod_rot_black/black_pod_rot_428.jpg,1
dataT/pod_rot_black/black_pod_rot_429.jpg,1
dataT/pod_rot_black/black_pod_rot_43.jpg,1
dataT/pod_rot_black/black_pod_rot_430.jpg,1
dataT/pod_rot_black/black_pod_rot_431.jpg,1
dataT/pod_rot_black/black_pod_rot_432.jpg,1
dataT/pod_rot_black/black_pod_rot_433.jpg,1
dataT/pod_rot_black/black_pod_rot_434.jpg,1
dataT/pod_rot_black/black_pod_rot_435.jpg,1
dataT/pod_rot_black/black_pod_rot_436.jpg,1
dataT/pod_rot_black/black_pod_rot_437.jpg,1
dataT/pod_rot_black/black_pod_rot_438.jpg,1
dataT/pod_rot_black/black_pod_rot_439.jpg,1
dataT/pod_rot_black/black_pod_rot_44.jpg,1
dataT/pod_rot_black/black_pod_rot_440.jpg,1
dataT/pod_rot_black/black_pod_rot_441.jpg,1
dataT/pod_rot_black/black_pod_rot_442.jpg,1
dataT/pod_rot_black/black_pod_rot_443.jpg,1
dataT/pod_rot_black/black_pod_rot_444.jpg,1
dataT/pod_rot_black/black_pod_rot_445.jpg,1
dataT/pod_rot_black/black_pod_rot_446.jpg,1
dataT/pod_rot_black/black_pod_rot_447.jpg,1
dataT/pod_rot_black/black_pod_rot_448.jpg,1
dataT/pod_rot_black/black_pod_rot_449.jpg,1
dataT/pod_rot_black/black_pod_rot_45.jpg,1
dataT/pod_rot_black/black_pod_rot_450.jpg,1
dataT/pod_rot_black/black_pod_rot_451.jpg,1
dataT/pod_rot_black/black_pod_rot_452.jpg,1
dataT/pod_rot_black/black_pod_rot_453.jpg,1
dataT/pod_rot_black/black_pod_rot_454.jpg,1
dataT/pod_rot_black/black_pod_rot_455.jpg,1
dataT/pod_rot_black/black_pod_rot_456.jpg,1
dataT/pod_rot_black/black_pod_rot_457.jpg,1
dataT/pod_rot_black/black_pod_rot_458.jpg,1
dataT/pod_rot_black/black_pod_rot_459.jpg,1
dataT/pod_rot_black/black_pod_rot_46.jpg,1
dataT/pod_rot_black/black_pod_rot_460.jpg,1
dataT/pod_rot_black/black_pod_rot_461.jpg,1
dataT/pod_rot_black/black_pod_rot_462.jpg,1
dataT/pod_rot_black/black_pod_rot_463.jpg,1
dataT/pod_rot_black/black_pod_rot_464.jpg,1
dataT/pod_rot_black/black_pod_rot_465.jpg,1
dataT/pod_rot_black/black_pod_rot_466.jpg,1
dataT/pod_rot_black/black_pod_rot_467.jpg,1
dataT/pod_rot_black/black_pod_rot_468.jpg,1
dataT/pod_rot_black/black_pod_rot_469.jpg,1
dataT/pod_rot_black/black_pod_rot_47.jpg,1
dataT/pod_rot_black/black_pod_rot_470.jpg,1
dataT/pod_rot_black/black_pod_rot_471.jpg,1
dataT/pod_rot_black/black_pod_rot_472.jpg,1
dataT/pod_rot_black/black_pod_rot_473.jpg,1
dataT/pod_rot_black/black_pod_rot_474.jpg,1
dataT/pod_rot_black/black_pod_rot_475.jpg,1
dataT/pod_rot_black/black_pod_rot_476.jpg,1
dataT/pod_rot_black/black_pod_rot_477.jpg,1
dataT/pod_rot_black/black_pod_rot_478.jpg,1
dataT/pod_rot_black/black_pod_rot_479.jpg,1
dataT/pod_rot_black/black_pod_rot_48.jpg,1
dataT/pod_rot_black/black_pod_rot_480.jpg,1
dataT/pod_rot_black/black_pod_rot_481.jpg,1
dataT/pod_rot_black/black_pod_rot_482.jpg,1
dataT/pod_rot_black/black_pod_rot_483.jpg,1
dataT/pod_rot_black/black_pod_rot_484.jpg,1
dataT/pod_rot_black/black_pod_rot_485.jpg,1
dataT/pod_rot_black/black_pod_rot_486.jpg,1
dataT/pod_rot_black/black_pod_rot_487.jpg,1
dataT/pod_rot_black/black_pod_rot_488.jpg,1
dataT/pod_rot_black/black_pod_rot_489.jpg,1
dataT/pod_rot_black/black_pod_rot_49.jpg,1
dataT/pod_rot_black/black_pod_rot_490.jpg,1
dataT/pod_rot_black/black_pod_rot_491.jpg,1
dataT/pod_rot_black/black_pod_rot_492.jpg,1
dataT/pod_rot_black/black_pod_rot_493.jpg,1
dataT/pod_rot_black/black_pod_rot_494.jpg,1
dataT/pod_rot_black/black_pod_rot_495.jpg,1
dataT/pod_rot_black/black_pod_rot_496.jpg,1
dataT/pod_rot_black/black_pod_rot_497.jpg,1
dataT/pod_rot_black/black_pod_rot_498.jpg,1
dataT/pod_rot_black/black_pod_rot_499.jpg,1
dataT/pod_rot_black/black_pod_rot_5.jpg,1
dataT/pod_rot_black/black_pod_rot_50.jpg,1
dataT/pod_rot_black/black_pod_rot_500.jpg,1
dataT/pod_rot_black/black_pod_rot_501.jpg,1
dataT/pod_rot_black/black_pod_rot_502.jpg,1
dataT/pod_rot_black/black_pod_rot_503.jpg,1
dataT/pod_rot_black/black_pod_rot_504.jpg,1
dataT/pod_rot_black/black_pod_rot_505.jpg,1
dataT/pod_rot_black/black_pod_rot_506.jpg,1
dataT/pod_rot_black/black_pod_rot_507.jpg,1
dataT/pod_rot_black/black_pod_rot_508.jpg,1
dataT/pod_rot_black/black_pod_rot_509.jpg,1
dataT/pod_rot_black/black_pod_rot_51.jpg,1
dataT/pod_rot_black/black_pod_rot_510.jpg,1
dataT/pod_rot_black/black_pod_rot_511.jpg,1
dataT/pod_rot_black/black_pod_rot_512.jpg,1
dataT/pod_rot_black/black_pod_rot_513.jpg,1
dataT/pod_rot_black/black_pod_rot_514.jpg,1
dataT/pod_rot_black/black_pod_rot_515.jpg,1
dataT/pod_rot_black/black_pod_rot_516.jpg,1
dataT/pod_rot_black/black_pod_rot_517.jpg,1
dataT/pod_rot_black/black_pod_rot_518.jpg,1
dataT/pod_rot_black/black_pod_rot_519.jpg,1
dataT/pod_rot_black/black_pod_rot_52.jpg,1
dataT/pod_rot_black/black_pod_rot_520.jpg,1
dataT/pod_rot_black/black_pod_rot_521.jpg,1
dataT/pod_rot_black/black_pod_rot_522.jpg,1
dataT/pod_rot_black/black_pod_rot_523.jpg,1
dataT/pod_rot_black/black_pod_rot_524.jpg,1
dataT/pod_rot_black/black_pod_rot_525.jpg,1
dataT/pod_rot_black/black_pod_rot_526.jpg,1
dataT/pod_rot_black/black_pod_rot_527.jpg,1
dataT/pod_rot_black/black_pod_rot_528.jpg,1
dataT/pod_rot_black/black_pod_rot_529.jpg,1
dataT/pod_rot_black/black_pod_rot_53.jpg,1
dataT/pod_rot_black/black_pod_rot_530.jpg,1
dataT/pod_rot_black/black_pod_rot_531.jpg,1
dataT/pod_rot_black/black_pod_rot_532.jpg,1
dataT/pod_rot_black/black_pod_rot_533.jpg,1
dataT/pod_rot_black/black_pod_rot_534.jpg,1
dataT/pod_rot_black/black_pod_rot_535.jpg,1
dataT/pod_rot_black/black_pod_rot_536.jpg,1
dataT/pod_rot_black/black_pod_rot_537.jpg,1
dataT/pod_rot_black/black_pod_rot_538.jpg,1
dataT/pod_rot_black/black_pod_rot_539.jpg,1
dataT/pod_rot_black/black_pod_rot_54.jpg,1
dataT/pod_rot_black/black_pod_rot_540.jpg,1
dataT/pod_rot_black/black_pod_rot_541.jpg,1
dataT/pod_rot_black/black_pod_rot_542.jpg,1
dataT/pod_rot_black/black_pod_rot_543.jpg,1
dataT/pod_rot_black/black_pod_rot_544.jpg,1
dataT/pod_rot_black/black_pod_rot_545.jpg,1
dataT/pod_rot_black/black_pod_rot_546.jpg,1
dataT/pod_rot_black/black_pod_rot_547.jpg,1
dataT/pod_rot_black/black_pod_rot_548.jpg,1
dataT/pod_rot_black/black_pod_rot_549.jpg,1
dataT/pod_rot_black/black_pod_rot_55.jpg,1
dataT/pod_rot_black/black_pod_rot_550.jpg,1
dataT/pod_rot_black/black_pod_rot_551.jpg,1
dataT/pod_rot_black/black_pod_rot_552.jpg,1
dataT/pod_rot_black/black_pod_rot_553.jpg,1
dataT/pod_rot_black/black_pod_rot_554.jpg,1
dataT/pod_rot_black/black_pod_rot_555.jpg,1
dataT/pod_rot_black/black_pod_rot_556.jpg,1
dataT/pod_rot_black/black_pod_rot_557.jpg,1
dataT/pod_rot_black/black_pod_rot_558.jpg,1
dataT/pod_rot_black/black_pod_rot_559.jpg,1
dataT/pod_rot_black/black_pod_rot_56.jpg,1
dataT/pod_rot_black/black_pod_rot_560.jpg,1
dataT/pod_rot_black/black_pod_rot_561.jpg,1
dataT/pod_rot_black/black_pod_rot_562.jpg,1
dataT/pod_rot_black/black_pod_rot_563.jpg,1
dataT/pod_rot_black/black_pod_rot_564.jpg,1
dataT/pod_rot_black/black_pod_rot_565.jpg,1
dataT/pod_rot_black/black_pod_rot_566.jpg,1
dataT/pod_rot_black/black_pod_rot_567.jpg,1
dataT/pod_rot_black/black_pod_rot_568.jpg,1
dataT/pod_rot_black/black_pod_rot_569.jpg,1
dataT/pod_rot_black/black_pod_rot_57.jpg,1
dataT/pod_rot_black/black_pod_rot_570.jpg,1
dataT/pod_rot_black/black_pod_rot_571.jpg,1
dataT/pod_rot_black/black_pod_rot_572.jpg,1
dataT/pod_rot_black/black_pod_rot_573.jpg,1
dataT/pod_rot_black/black_pod_rot_574.jpg,1
dataT/pod_rot_black/black_pod_rot_575.jpg,1
dataT/pod_rot_black/black_pod_rot_576.jpg,1
dataT/pod_rot_black/black_pod_rot_577.jpg,1
dataT/pod_rot_black/black_pod_rot_578.jpg,1
dataT/pod_rot_black/black_pod_rot_579.jpg,1
dataT/pod_rot_black/black_pod_rot_58.jpg,1
dataT/pod_rot_black/black_pod_rot_580.jpg,1
dataT/pod_rot_black/black_pod_rot_581.jpg,1
dataT/pod_rot_black/black_pod_rot_582.jpg,1
dataT/pod_rot_black/black_pod_rot_583.jpg,1
dataT/pod_rot_black/black_pod_rot_584.jpg,1
dataT/pod_rot_black/black_pod_rot_585.jpg,1
dataT/pod_rot_black/black_pod_rot_586.jpg,1
dataT/pod_rot_black/black_pod_rot_587.jpg,1
dataT/pod_rot_black/black_pod_rot_588.jpg,1
dataT/pod_rot_black/black_pod_rot_589.jpg,1
dataT/pod_rot_black/black_pod_rot_59.jpg,1
dataT/pod_rot_black/black_pod_rot_590.jpg,1
dataT/pod_rot_black/black_pod_rot_591.jpg,1
dataT/pod_rot_black/black_pod_rot_592.jpg,1
dataT/pod_rot_black/black_pod_rot_593.jpg,1
dataT/pod_rot_black/black_pod_rot_594.jpg,1
dataT/pod_rot_black/black_pod_rot_595.jpg,1
dataT/pod_rot_black/black_pod_rot_596.jpg,1
dataT/pod_rot_black/black_pod_rot_597.jpg,1
dataT/pod_rot_black/black_pod_rot_598.jpg,1
dataT/pod_rot_black/black_pod_rot_599.jpg,1
dataT/pod_rot_black/black_pod_rot_6.jpg,1
dataT/pod_rot_black/black_pod_rot_60.jpg,1
dataT/pod_rot_black/black_pod_rot_600.jpg,1
dataT/pod_rot_black/black_pod_rot_601.jpg,1
dataT/pod_rot_black/black_pod_rot_602.jpg,1
dataT/pod_rot_black/black_pod_rot_603.jpg,1
dataT/pod_rot_black/black_pod_rot_604.jpg,1
dataT/pod_rot_black/black_pod_rot_605.jpg,1
dataT/pod_rot_black/black_pod_rot_606.jpg,1
dataT/pod_rot_black/black_pod_rot_607.jpg,1
dataT/pod_rot_black/black_pod_rot_608.jpg,1
dataT/pod_rot_black/black_pod_rot_609.jpg,1
dataT/pod_rot_black/black_pod_rot_61.jpg,1
dataT/pod_rot_black/black_pod_rot_610.jpg,1
dataT/pod_rot_black/black_pod_rot_611.jpg,1
dataT/pod_rot_black/black_pod_rot_612.jpg,1
dataT/pod_rot_black/black_pod_rot_613.jpg,1
dataT/pod_rot_black/black_pod_rot_614.jpg,1
dataT/pod_rot_black/black_pod_rot_615.jpg,1
dataT/pod_rot_black/black_pod_rot_616.jpg,1
dataT/pod_rot_black/black_pod_rot_617.jpg,1
dataT/pod_rot_black/black_pod_rot_618.jpg,1
dataT/pod_rot_black/black_pod_rot_619.jpg,1
dataT/pod_rot_black/black_pod_rot_62.jpg,1
dataT/pod_rot_black/black_pod_rot_620.jpg,1
dataT/pod_rot_black/black_pod_rot_621.jpg,1
dataT/pod_rot_black/black_pod_rot_622.jpg,1
dataT/pod_rot_black/black_pod_rot_623.jpg,1
dataT/pod_rot_black/black_pod_rot_624.jpg,1
dataT/pod_rot_black/black_pod_rot_625.jpg,1
dataT/pod_rot_black/black_pod_rot_626.jpg,1
dataT/pod_rot_black/black_pod_rot_627.jpg,1
dataT/pod_rot_black/black_pod_rot_628.jpg,1
dataT/pod_rot_black/black_pod_rot_629.jpg,1
dataT/pod_rot_black/black_pod_rot_63.jpg,1
dataT/pod_rot_black/black_pod_rot_630.jpg,1
dataT/pod_rot_black/black_pod_rot_631.jpg,1
dataT/pod_rot_black/black_pod_rot_632.jpg,1
dataT/pod_rot_black/black_pod_rot_633.jpg,1
dataT/pod_rot_black/black_pod_rot_634.jpg,1
dataT/pod_rot_black/black_pod_rot_635.jpg,1
dataT/pod_rot_black/black_pod_rot_636.jpg,1
dataT/pod_rot_black/black_pod_rot_637.jpg,1
dataT/pod_rot_black/black_pod_rot_638.jpg,1
dataT/pod_rot_black/black_pod_rot_639.jpg,1
dataT/pod_rot_black/black_pod_rot_64.jpg,1
dataT/pod_rot_black/black_pod_rot_640.jpg,1
dataT/pod_rot_black/black_pod_rot_641.jpg,1
dataT/pod_rot_black/black_pod_rot_642.jpg,1
dataT/pod_rot_black/black_pod_rot_643.jpg,1
dataT/pod_rot_black/black_pod_rot_644.jpg,1
dataT/pod_rot_black/black_pod_rot_645.jpg,1
dataT/pod_rot_black/black_pod_rot_646.jpg,1
dataT/pod_rot_black/black_pod_rot_647.jpg,1
dataT/pod_rot_black/black_pod_rot_648.jpg,1
dataT/pod_rot_black/black_pod_rot_649.jpg,1
dataT/pod_rot_black/black_pod_rot_65.jpg,1
dataT/pod_rot_black/black_pod_rot_650.jpg,1
dataT/pod_rot_black/black_pod_rot_651.jpg,1
dataT/pod_rot_black/black_pod_rot_652.jpg,1
dataT/pod_rot_black/black_pod_rot_653.jpg,1
dataT/pod_rot_black/black_pod_rot_654.jpg,1
dataT/pod_rot_black/black_pod_rot_655.jpg,1
dataT/pod_rot_black/black_pod_rot_656.jpg,1
dataT/pod_rot_black/black_pod_rot_657.jpg,1
dataT/pod_rot_black/black_pod_rot_658.jpg,1
dataT/pod_rot_black/black_pod_rot_659.jpg,1
dataT/pod_rot_black/black_pod_rot_66.jpg,1
dataT/pod_rot_black/black_pod_rot_660.jpg,1
dataT/pod_rot_black/black_pod_rot_661.jpg,1
dataT/pod_rot_black/black_pod_rot_662.jpg,1
dataT/pod_rot_black/black_pod_rot_663.jpg,1
dataT/pod_rot_black/black_pod_rot_664.jpg,1
dataT/pod_rot_black/black_pod_rot_665.jpg,1
dataT/pod_rot_black/black_pod_rot_666.jpg,1
dataT/pod_rot_black/black_pod_rot_667.jpg,1
dataT/pod_rot_black/black_pod_rot_668.jpg,1
dataT/pod_rot_black/black_pod_rot_669.jpg,1
dataT/pod_rot_black/black_pod_rot_67.jpg,1
dataT/pod_rot_black/black_pod_rot_670.jpg,1
dataT/pod_rot_black/black_pod_rot_671.jpg,1
dataT/pod_rot_black/black_pod_rot_672.jpg,1
dataT/pod_rot_black/black_pod_rot_673.jpg,1
dataT/pod_rot_black/black_pod_rot_674.jpg,1
dataT/pod_rot_black/black_pod_rot_675.jpg,1
dataT/pod_rot_black/black_pod_rot_676.jpg,1
dataT/pod_rot_black/black_pod_rot_677.jpg,1
dataT/pod_rot_black/black_pod_rot_678.jpg,1
dataT/pod_rot_black/black_pod_rot_679.jpg,1
dataT/pod_rot_black/black_pod_rot_68.jpg,1
dataT/pod_rot_black/black_pod_rot_680.jpg,1
dataT/pod_rot_black/black_pod_rot_681.jpg,1
dataT/pod_rot_black/black_pod_rot_682.jpg,1
dataT/pod_rot_black/black_pod_rot_683.jpg,1
dataT/pod_rot_black/black_pod_rot_684.jpg,1
dataT/pod_rot_black/black_pod_rot_685.jpg,1
dataT/pod_rot_black/black_pod_rot_686.jpg,1
dataT/pod_rot_black/black_pod_rot_687.jpg,1
dataT/pod_rot_black/black_pod_rot_688.jpg,1
dataT/pod_rot_black/black_pod_rot_689.jpg,1
dataT/pod_rot_black/black_pod_rot_69.jpg,1
dataT/pod_rot_black/black_pod_rot_690.jpg,1
dataT/pod_rot_black/black_pod_rot_691.jpg,1
dataT/pod_rot_black/black_pod_rot_692.jpg,1
dataT/pod_rot_black/black_pod_rot_693.jpg,1
dataT/pod_rot_black/black_pod_rot_694.jpg,1
dataT/pod_rot_black/black_pod_rot_695.jpg,1
dataT/pod_rot_black/black_pod_rot_696.jpg,1
dataT/pod_rot_black/black_pod_rot_697.jpg,1
dataT/pod_rot_black/black_pod_rot_698.jpg,1
dataT/pod_rot_black/black_pod_rot_699.jpg,1
dataT/pod_rot_black/black_pod_rot_7.jpg,1
dataT/pod_rot_black/black_pod_rot_70.jpg,1
dataT/pod_rot_black/black_pod_rot_700.jpg,1
dataT/pod_rot_black/black_pod_rot_701.jpg,1
dataT/pod_rot_black/black_pod_rot_702.jpg,1
dataT/pod_rot_black/black_pod_rot_703.jpg,1
dataT/pod_rot_black/black_pod_rot_704.jpg,1
dataT/pod_rot_black/black_pod_rot_705.jpg,1
dataT/pod_rot_black/black_pod_rot_706.jpg,1
dataT/pod_rot_black/black_pod_rot_707.jpg,1
dataT/pod_rot_black/black_pod_rot_708.jpg,1
dataT/pod_rot_black/black_pod_rot_709.jpg,1
dataT/pod_rot_black/black_pod_rot_71.jpg,1
dataT/pod_rot_black/black_pod_rot_710.jpg,1
dataT/pod_rot_black/black_pod_rot_711.jpg,1
dataT/pod_rot_black/black_pod_rot_712.jpg,1
dataT/pod_rot_black/black_pod_rot_713.jpg,1
dataT/pod_rot_black/black_pod_rot_714.jpg,1
dataT/pod_rot_black/black_pod_rot_715.jpg,1
dataT/pod_rot_black/black_pod_rot_716.jpg,1
dataT/pod_rot_black/black_pod_rot_717.jpg,1
dataT/pod_rot_black/black_pod_rot_718.jpg,1
dataT/pod_rot_black/black_pod_rot_719.jpg,1
dataT/pod_rot_black/black_pod_rot_72.jpg,1
dataT/pod_rot_black/black_pod_rot_720.jpg,1
dataT/pod_rot_black/black_pod_rot_721.jpg,1
dataT/pod_rot_black/black_pod_rot_722.jpg,1
dataT/pod_rot_black/black_pod_rot_723.jpg,1
dataT/pod_rot_black/black_pod_rot_724.jpg,1
dataT/pod_rot_black/black_pod_rot_725.jpg,1
dataT/pod_rot_black/black_pod_rot_726.jpg,1
dataT/pod_rot_black/black_pod_rot_727.jpg,1
dataT/pod_rot_black/black_pod_rot_728.jpg,1
dataT/pod_rot_black/black_pod_rot_729.jpg,1
dataT/pod_rot_black/black_pod_rot_73.jpg,1
dataT/pod_rot_black/black_pod_rot_730.jpg,1
dataT/pod_rot_black/black_pod_rot_731.jpg,1
dataT/pod_rot_black/black_pod_rot_732.jpg,1
dataT/pod_rot_black/black_pod_rot_733.jpg,1
dataT/pod_rot_black/black_pod_rot_734.jpg,1
dataT/pod_rot_black/black_pod_rot_735.jpg,1
dataT/pod_rot_black/black_pod_rot_736.jpg,1
dataT/pod_rot_black/black_pod_rot_737.jpg,1
dataT/pod_rot_black/black_pod_rot_738.jpg,1
dataT/pod_rot_black/black_pod_rot_739.jpg,1
dataT/pod_rot_black/black_pod_rot_74.jpg,1
dataT/pod_rot_black/black_pod_rot_740.jpg,1
dataT/pod_rot_black/black_pod_rot_741.jpg,1
dataT/pod_rot_black/black_pod_rot_742.jpg,1
dataT/pod_rot_black/black_pod_rot_743.jpg,1
dataT/pod_rot_black/black_pod_rot_744.jpg,1
dataT/pod_rot_black/black_pod_rot_745.jpg,1
dataT/pod_rot_black/black_pod_rot_746.jpg,1
dataT/pod_rot_black/black_pod_rot_747.jpg,1
dataT/pod_rot_black/black_pod_rot_748.jpg,1
dataT/pod_rot_black/black_pod_rot_749.jpg,1
dataT/pod_rot_black/black_pod_rot_75.jpg,1
dataT/pod_rot_black/black_pod_rot_750.jpg,1
dataT/pod_rot_black/black_pod_rot_751.jpg,1
dataT/pod_rot_black/black_pod_rot_752.jpg,1
dataT/pod_rot_black/black_pod_rot_753.jpg,1
dataT/pod_rot_black/black_pod_rot_754.jpg,1
dataT/pod_rot_black/black_pod_rot_755.jpg,1
dataT/pod_rot_black/black_pod_rot_756.jpg,1
dataT/pod_rot_black/black_pod_rot_757.jpg,1
dataT/pod_rot_black/black_pod_rot_758.jpg,1
dataT/pod_rot_black/black_pod_rot_759.jpg,1
dataT/pod_rot_black/black_pod_rot_76.jpg,1
dataT/pod_rot_black/black_pod_rot_760.jpg,1
dataT/pod_rot_black/black_pod_rot_761.jpg,1
dataT/pod_rot_black/black_pod_rot_762.jpg,1
dataT/pod_rot_black/black_pod_rot_763.jpg,1
dataT/pod_rot_black/black_pod_rot_764.jpg,1
dataT/pod_rot_black/black_pod_rot_765.jpg,1
dataT/pod_rot_black/black_pod_rot_766.jpg,1
dataT/pod_rot_black/black_pod_rot_767.jpg,1
dataT/pod_rot_black/black_pod_rot_768.jpg,1
dataT/pod_rot_black/black_pod_rot_769.jpg,1
dataT/pod_rot_black/black_pod_rot_77.jpg,1
dataT/pod_rot_black/black_pod_rot_770.jpg,1
dataT/pod_rot_black/black_pod_rot_771.jpg,1
dataT/pod_rot_black/black_pod_rot_772.jpg,1
dataT/pod_rot_black/black_pod_rot_773.jpg,1
dataT/pod_rot_black/black_pod_rot_774.jpg,1
dataT/pod_rot_black/black_pod_rot_775.jpg,1
dataT/pod_rot_black/black_pod_rot_776.jpg,1
dataT/pod_rot_black/black_pod_rot_777.jpg,1
dataT/pod_rot_black/black_pod_rot_778.jpg,1
dataT/pod_rot_black/black_pod_rot_779.jpg,1
dataT/pod_rot_black/black_pod_rot_78.jpg,1
dataT/pod_rot_black/black_pod_rot_780.jpg,1
dataT/pod_rot_black/black_pod_rot_781.jpg,1
dataT/pod_rot_black/black_pod_rot_782.jpg,1
dataT/pod_rot_black/black_pod_rot_783.jpg,1
dataT/pod_rot_black/black_pod_rot_784.jpg,1
dataT/pod_rot_black/black_pod_rot_785.jpg,1
dataT/pod_rot_black/black_pod_rot_786.jpg,1
dataT/pod_rot_black/black_pod_rot_787.jpg,1
dataT/pod_rot_black/black_pod_rot_788.jpg,1
dataT/pod_rot_black/black_pod_rot_789.jpg,1
dataT/pod_rot_black/black_pod_rot_79.jpg,1
dataT/pod_rot_black/black_pod_rot_790.jpg,1
dataT/pod_rot_black/black_pod_rot_791.jpg,1
dataT/pod_rot_black/black_pod_rot_792.jpg,1
dataT/pod_rot_black/black_pod_rot_793.jpg,1
dataT/pod_rot_black/black_pod_rot_794.jpg,1
dataT/pod_rot_black/black_pod_rot_795.jpg,1
dataT/pod_rot_black/black_pod_rot_796.jpg,1
dataT/pod_rot_black/black_pod_rot_797.jpg,1
dataT/pod_rot_black/black_pod_rot_798.jpg,1
dataT/pod_rot_black/black_pod_rot_799.jpg,1
dataT/pod_rot_black/black_pod_rot_8.jpg,1
dataT/pod_rot_black/black_pod_rot_80.jpg,1
dataT/pod_rot_black/black_pod_rot_800.jpg,1
dataT/pod_rot_black/black_pod_rot_801.jpg,1
dataT/pod_rot_black/black_pod_rot_802.jpg,1
dataT/pod_rot_black/black_pod_rot_803.jpg,1
dataT/pod_rot_black/black_pod_rot_804.jpg,1
dataT/pod_rot_black/black_pod_rot_805.jpg,1
dataT/pod_rot_black/black_pod_rot_806.jpg,1
dataT/pod_rot_black/black_pod_rot_807.jpg,1
dataT/pod_rot_black/black_pod_rot_808.jpg,1
dataT/pod_rot_black/black_pod_rot_809.jpg,1
dataT/pod_rot_black/black_pod_rot_81.jpg,1
dataT/pod_rot_black/black_pod_rot_810.jpg,1
dataT/pod_rot_black/black_pod_rot_811.jpg,1
dataT/pod_rot_black/black_pod_rot_812.jpg,1
dataT/pod_rot_black/black_pod_rot_813.jpg,1
dataT/pod_rot_black/black_pod_rot_814.jpg,1
dataT/pod_rot_black/black_pod_rot_815.jpg,1
dataT/pod_rot_black/black_pod_rot_816.jpg,1
dataT/pod_rot_black/black_pod_rot_817.jpg,1
dataT/pod_rot_black/black_pod_rot_818.jpg,1
dataT/pod_rot_black/black_pod_rot_819.jpg,1
dataT/pod_rot_black/black_pod_rot_82.jpg,1
dataT/pod_rot_black/black_pod_rot_820.jpg,1
dataT/pod_rot_black/black_pod_rot_821.jpg,1
dataT/pod_rot_black/black_pod_rot_822.jpg,1
dataT/pod_rot_black/black_pod_rot_823.jpg,1
dataT/pod_rot_black/black_pod_rot_824.jpg,1
dataT/pod_rot_black/black_pod_rot_825.jpg,1
dataT/pod_rot_black/black_pod_rot_826.jpg,1
dataT/pod_rot_black/black_pod_rot_827.jpg,1
dataT/pod_rot_black/black_pod_rot_828.jpg,1
dataT/pod_rot_black/black_pod_rot_829.jpg,1
dataT/pod_rot_black/black_pod_rot_83.jpg,1
dataT/pod_rot_black/black_pod_rot_830.jpg,1
dataT/pod_rot_black/black_pod_rot_831.jpg,1
dataT/pod_rot_black/black_pod_rot_832.jpg,1
dataT/pod_rot_black/black_pod_rot_833.jpg,1
dataT/pod_rot_black/black_pod_rot_834.jpg,1
dataT/pod_rot_black/black_pod_rot_835.jpg,1
dataT/pod_rot_black/black_pod_rot_836.jpg,1
dataT/pod_rot_black/black_pod_rot_837.jpg,1
dataT/pod_rot_black/black_pod_rot_838.jpg,1
dataT/pod_rot_black/black_pod_rot_839.jpg,1
dataT/pod_rot_black/black_pod_rot_84.jpg,1
dataT/pod_rot_black/black_pod_rot_840.jpg,1
dataT/pod_rot_black/black_pod_rot_841.jpg,1
dataT/pod_rot_black/black_pod_rot_842.jpg,1
dataT/pod_rot_black/black_pod_rot_843.jpg,1
dataT/pod_rot_black/black_pod_rot_844.jpg,1
dataT/pod_rot_black/black_pod_rot_845.jpg,1
dataT/pod_rot_black/black_pod_rot_846.jpg,1
dataT/pod_rot_black/black_pod_rot_847.jpg,1
dataT/pod_rot_black/black_pod_rot_848.jpg,1
dataT/pod_rot_black/black_pod_rot_849.jpg,1
dataT/pod_rot_black/black_pod_rot_85.jpg,1
dataT/pod_rot_black/black_pod_rot_850.jpg,1
dataT/pod_rot_black/black_pod_rot_851.jpg,1
dataT/pod_rot_black/black_pod_rot_852.jpg,1
dataT/pod_rot_black/black_pod_rot_853.jpg,1
dataT/pod_rot_black/black_pod_rot_854.jpg,1
dataT/pod_rot_black/black_pod_rot_855.jpg,1
dataT/pod_rot_black/black_pod_rot_856.jpg,1
dataT/pod_rot_black/black_pod_rot_857.jpg,1
dataT/pod_rot_black/black_pod_rot_858.jpg,1
dataT/pod_rot_black/black_pod_rot_859.jpg,1
dataT/pod_rot_black/black_pod_rot_86.jpg,1
dataT/pod_rot_black/black_pod_rot_860.jpg,1
dataT/pod_rot_black/black_pod_rot_861.jpg,1
dataT/pod_rot_black/black_pod_rot_862.jpg,1
dataT/pod_rot_black/black_pod_rot_863.jpg,1
dataT/pod_rot_black/black_pod_rot_864.jpg,1
dataT/pod_rot_black/black_pod_rot_865.jpg,1
dataT/pod_rot_black/black_pod_rot_866.jpg,1
dataT/pod_rot_black/black_pod_rot_867.jpg,1
dataT/pod_rot_black/black_pod_rot_868.jpg,1
dataT/pod_rot_black/black_pod_rot_869.jpg,1
dataT/pod_rot_black/black_pod_rot_87.jpg,1
dataT/pod_rot_black/black_pod_rot_870.jpg,1
dataT/pod_rot_black/black_pod_rot_871.jpg,1
dataT/pod_rot_black/black_pod_rot_872.jpg,1
dataT/pod_rot_black/black_pod_rot_873.jpg,1
dataT/pod_rot_black/black_pod_rot_874.jpg,1
dataT/pod_rot_black/black_pod_rot_875.jpg,1
dataT/pod_rot_black/black_pod_rot_876.jpg,1
dataT/pod_rot_black/black_pod_rot_877.jpg,1
dataT/pod_rot_black/black_pod_rot_878.jpg,1
dataT/pod_rot_black/black_pod_rot_879.jpg,1
dataT/pod_rot_black/black_pod_rot_88.jpg,1
dataT/pod_rot_black/black_pod_rot_880.jpg,1
dataT/pod_rot_black/black_pod_rot_881.jpg,1
dataT/pod_rot_black/black_pod_rot_882.jpg,1
dataT/pod_rot_black/black_pod_rot_883.jpg,1
dataT/pod_rot_black/black_pod_rot_884.jpg,1
dataT/pod_rot_black/black_pod_rot_885.jpg,1
dataT/pod_rot_black/black_pod_rot_886.jpg,1
dataT/pod_rot_black/black_pod_rot_887.jpg,1
dataT/pod_rot_black/black_pod_rot_888.jpg,1
dataT/pod_rot_black/black_pod_rot_889.jpg,1
dataT/pod_rot_black/black_pod_rot_89.jpg,1
dataT/pod_rot_black/black_pod_rot_890.jpg,1
dataT/pod_rot_black/black_pod_rot_891.jpg,1
dataT/pod_rot_black/black_pod_rot_892.jpg,1
dataT/pod_rot_black/black_pod_rot_893.jpg,1
dataT/pod_rot_black/black_pod_rot_894.jpg,1
dataT/pod_rot_black/black_pod_rot_895.jpg,1
dataT/pod_rot_black/black_pod_rot_896.jpg,1
dataT/pod_rot_black/black_pod_rot_897.jpg,1
dataT/pod_rot_black/black_pod_rot_898.jpg,1
dataT/pod_rot_black/black_pod_rot_899.jpg,1
dataT/pod_rot_black/black_pod_rot_9.jpg,1
dataT/pod_rot_black/black_pod_rot_90.jpg,1
dataT/pod_rot_black/black_pod_rot_900.jpg,1
dataT/pod_rot_black/black_pod_rot_901.jpg,1
dataT/pod_rot_black/black_pod_rot_902.jpg,1
dataT/pod_rot_black/black_pod_rot_903.jpg,1
dataT/pod_rot_black/black_pod_rot_904.jpg,1
dataT/pod_rot_black/black_pod_rot_905.jpg,1
dataT/pod_rot_black/black_pod_rot_906.jpg,1
dataT/pod_rot_black/black_pod_rot_907.jpg,1
dataT/pod_rot_black/black_pod_rot_908.jpg,1
dataT/pod_rot_black/black_pod_rot_909.jpg,1
dataT/pod_rot_black/black_pod_rot_91.jpg,1
dataT/pod_rot_black/black_pod_rot_910.jpg,1
dataT/pod_rot_black/black_pod_rot_911.jpg,1
dataT/pod_rot_black/black_pod_rot_912.jpg,1
dataT/pod_rot_black/black_pod_rot_913.jpg,1
dataT/pod_rot_black/black_pod_rot_914.jpg,1
dataT/pod_rot_black/black_pod_rot_915.jpg,1
dataT/pod_rot_black/black_pod_rot_916.jpg,1
dataT/pod_rot_black/black_pod_rot_917.jpg,1
dataT/pod_rot_black/black_pod_rot_918.jpg,1
dataT/pod_rot_black/black_pod_rot_919.jpg,1
dataT/pod_rot_black/black_pod_rot_92.jpg,1
dataT/pod_rot_black/black_pod_rot_920.jpg,1
dataT/pod_rot_black/black_pod_rot_921.jpg,1
dataT/pod_rot_black/black_pod_rot_922.jpg,1
dataT/pod_rot_black/black_pod_rot_923.jpg,1
dataT/pod_rot_black/black_pod_rot_924.jpg,1
dataT/pod_rot_black/black_pod_rot_925.jpg,1
dataT/pod_rot_black/black_pod_rot_926.jpg,1
dataT/pod_rot_black/black_pod_rot_927.jpg,1
dataT/pod_rot_black/black_pod_rot_928.jpg,1
dataT/pod_rot_black/black_pod_rot_929.jpg,1
dataT/pod_rot_black/black_pod_rot_93.jpg,1
dataT/pod_rot_black/black_pod_rot_930.jpg,1
dataT/pod_rot_black/black_pod_rot_931.jpg,1
dataT/pod_rot_black/black_pod_rot_932.jpg,1
dataT/pod_rot_black/black_pod_rot_933.jpg,1
dataT/pod_rot_black/black_pod_rot_934.jpg,1
dataT/pod_rot_black/black_pod_rot_935.jpg,1
dataT/pod_rot_black/black_pod_rot_936.jpg,1
dataT/pod_rot_black/black_pod_rot_937.jpg,1
dataT/pod_rot_black/black_pod_rot_938.jpg,1
dataT/pod_rot_black/black_pod_rot_939.jpg,1
dataT/pod_rot_black/black_pod_rot_94.jpg,1
dataT/pod_rot_black/black_pod_rot_940.jpg,1
dataT/pod_rot_black/black_pod_rot_941.jpg,1
dataT/pod_rot_black/black_pod_rot_942.jpg,1
dataT/pod_rot_black/black_pod_rot_943.jpg,1
dataT/pod_rot_black/black_pod_rot_95.jpg,1
dataT/pod_rot_black/black_pod_rot_96.jpg,1
dataT/pod_rot_black/black_pod_rot_97.jpg,1
dataT/pod_rot_black/black_pod_rot_98.jpg,1
dataT/pod_rot_black/black_pod_rot_99.jpg,1
