image_path,label,group,fuente,prob,split,particion,model
dataT/healthy/healthy_1015.jpg,0,10,B,0.8944194,val,r0_f2,SwinT
dataT/healthy/healthy_1036.jpg,0,33,A,0.0025071476,val,r0_f2,SwinT
dataT/healthy/healthy_1058.jpg,0,57,A,0.0011068955,val,r0_f2,SwinT
dataT/healthy/healthy_1163.jpg,0,118,B,0.0021677488,val,r0_f2,SwinT
dataT/healthy/healthy_1221.jpg,0,177,B,0.17742853,val,r0_f2,SwinT
dataT/healthy/healthy_1272.jpg,0,228,B,0.07818836,val,r0_f2,SwinT
dataT/healthy/healthy_1423.jpg,0,250,A,0.88938123,val,r0_f2,SwinT
dataT/healthy/healthy_1424.jpg,0,250,A,0.7483258,val,r0_f2,SwinT
dataT/healthy/healthy_1427.jpg,0,254,A,0.0080147805,val,r0_f2,SwinT
dataT/healthy/healthy_1428.jpg,0,254,A,0.0018830192,val,r0_f2,SwinT
dataT/healthy/healthy_1429.jpg,0,254,A,0.0020786636,val,r0_f2,SwinT
dataT/healthy/healthy_1430.jpg,0,254,A,0.0003476171,val,r0_f2,SwinT
dataT/healthy/healthy_1431.jpg,0,254,A,0.00057510455,val,r0_f2,SwinT
dataT/healthy/healthy_1432.jpg,0,254,A,0.00014418575,val,r0_f2,SwinT
dataT/healthy/healthy_1434.jpg,0,254,A,0.0003161444,val,r0_f2,SwinT
dataT/healthy/healthy_1435.jpg,0,254,A,0.0011706137,val,r0_f2,SwinT
dataT/healthy/healthy_1438.jpg,0,254,A,0.0004673443,val,r0_f2,SwinT
dataT/healthy/healthy_1439.jpg,0,254,A,0.0010870731,val,r0_f2,SwinT
dataT/healthy/healthy_1440.jpg,0,254,A,0.0006490224,val,r0_f2,SwinT
dataT/healthy/healthy_1441.jpg,0,254,A,0.0008390373,val,r0_f2,SwinT
dataT/healthy/healthy_1442.jpg,0,254,A,0.00018487056,val,r0_f2,SwinT
dataT/healthy/healthy_1443.jpg,0,254,A,0.0004907084,val,r0_f2,SwinT
dataT/healthy/healthy_1445.jpg,0,254,A,2.9434426e-05,val,r0_f2,SwinT
dataT/healthy/healthy_1446.jpg,0,254,A,0.00068285456,val,r0_f2,SwinT
dataT/healthy/healthy_1448.jpg,0,254,A,0.002409198,val,r0_f2,SwinT
dataT/healthy/healthy_1454.jpg,0,280,A,0.0009889153,val,r0_f2,SwinT
dataT/healthy/healthy_1462.jpg,0,288,A,0.0024492457,val,r0_f2,SwinT
dataT/healthy/healthy_1498.jpg,0,324,A,0.006406267,val,r0_f2,SwinT
dataT/healthy/healthy_1523.jpg,0,359,A,0.00453349,val,r0_f2,SwinT
dataT/healthy/healthy_1524.jpg,0,359,A,0.0011212294,val,r0_f2,SwinT
dataT/healthy/healthy_1525.jpg,0,359,A,0.010795963,val,r0_f2,SwinT
dataT/healthy/healthy_1526.jpg,0,359,A,0.0013971778,val,r0_f2,SwinT
dataT/healthy/healthy_1532.jpg,0,359,A,0.00035162643,val,r0_f2,SwinT
dataT/healthy/healthy_1534.jpg,0,359,A,0.004505793,val,r0_f2,SwinT
dataT/healthy/healthy_1535.jpg,0,359,A,6.487975e-05,val,r0_f2,SwinT
dataT/healthy/healthy_1537.jpg,0,359,A,0.0007038108,val,r0_f2,SwinT
dataT/healthy/healthy_1550.jpg,0,380,A,0.24833085,val,r0_f2,SwinT
dataT/healthy/healthy_1551.jpg,0,380,A,0.052320085,val,r0_f2,SwinT
dataT/healthy/healthy_1552.jpg,0,380,A,0.13593405,val,r0_f2,SwinT
dataT/healthy/healthy_1553.jpg,0,380,A,0.08254961,val,r0_f2,SwinT
dataT/healthy/healthy_1554.jpg,0,380,A,0.18396884,val,r0_f2,SwinT
dataT/healthy/healthy_1572.jpg,0,254,A,0.95108104,val,r0_f2,SwinT
dataT/healthy/healthy_1640.jpg,0,420,A,0.14952137,val,r0_f2,SwinT
dataT/healthy/healthy_1642.jpg,0,420,A,0.027946904,val,r0_f2,SwinT
dataT/healthy/healthy_1643.jpg,0,420,A,0.0081606,val,r0_f2,SwinT
dataT/healthy/healthy_1644.jpg,0,420,A,0.004382959,val,r0_f2,SwinT
dataT/healthy/healthy_1647.jpg,0,420,A,0.017962996,val,r0_f2,SwinT
dataT/healthy/healthy_198.jpg,0,464,A,0.03209981,val,r0_f2,SwinT
dataT/healthy/healthy_202.jpg,0,470,A,0.032055367,val,r0_f2,SwinT
dataT/healthy/healthy_2097.jpg,0,523,A,0.07899429,val,r0_f2,SwinT
dataT/healthy/healthy_2283.jpg,0,610,A,0.021886664,val,r0_f2,SwinT
dataT/healthy/healthy_248.jpg,0,639,A,0.020682704,val,r0_f2,SwinT
dataT/healthy/healthy_2633.jpg,0,759,A,0.004370394,val,r0_f2,SwinT
dataT/healthy/healthy_2748.jpg,0,254,A,0.0004341673,val,r0_f2,SwinT
dataT/healthy/healthy_2751.jpg,0,254,A,0.0017033159,val,r0_f2,SwinT
dataT/healthy/healthy_2752.jpg,0,254,A,0.0020046104,val,r0_f2,SwinT
dataT/healthy/healthy_2753.jpg,0,254,A,0.0109798,val,r0_f2,SwinT
dataT/healthy/healthy_2754.jpg,0,254,A,0.0077942275,val,r0_f2,SwinT
dataT/healthy/healthy_2755.jpg,0,254,A,0.3963159,val,r0_f2,SwinT
dataT/healthy/healthy_2756.jpg,0,254,A,0.0012877794,val,r0_f2,SwinT
dataT/healthy/healthy_2757.jpg,0,254,A,0.006475238,val,r0_f2,SwinT
dataT/healthy/healthy_2758.jpg,0,254,A,0.0014577042,val,r0_f2,SwinT
dataT/healthy/healthy_2759.jpg,0,254,A,0.00070104375,val,r0_f2,SwinT
dataT/healthy/healthy_2761.jpg,0,254,A,0.001592449,val,r0_f2,SwinT
dataT/healthy/healthy_2762.jpg,0,254,A,0.0011034207,val,r0_f2,SwinT
dataT/healthy/healthy_2764.jpg,0,254,A,0.0019865136,val,r0_f2,SwinT
dataT/healthy/healthy_2767.jpg,0,254,A,0.1706262,val,r0_f2,SwinT
dataT/healthy/healthy_2769.jpg,0,254,A,0.0011477732,val,r0_f2,SwinT
dataT/healthy/healthy_2770.jpg,0,254,A,0.0004903221,val,r0_f2,SwinT
dataT/healthy/healthy_2771.jpg,0,254,A,0.0015820302,val,r0_f2,SwinT
dataT/healthy/healthy_2772.jpg,0,254,A,0.003318883,val,r0_f2,SwinT
dataT/healthy/healthy_2773.jpg,0,254,A,0.0012742382,val,r0_f2,SwinT
dataT/healthy/healthy_2774.jpg,0,254,A,0.00780948,val,r0_f2,SwinT
dataT/healthy/healthy_2775.jpg,0,254,A,0.0075725205,val,r0_f2,SwinT
dataT/healthy/healthy_2776.jpg,0,254,A,0.002632053,val,r0_f2,SwinT
dataT/healthy/healthy_2777.jpg,0,254,A,0.0011346121,val,r0_f2,SwinT
dataT/healthy/healthy_2778.jpg,0,254,A,0.00045360473,val,r0_f2,SwinT
dataT/healthy/healthy_2779.jpg,0,254,A,0.040483307,val,r0_f2,SwinT
dataT/healthy/healthy_2780.jpg,0,254,A,0.0006007837,val,r0_f2,SwinT
dataT/healthy/healthy_2781.jpg,0,254,A,0.0009774426,val,r0_f2,SwinT
dataT/healthy/healthy_2782.jpg,0,254,A,0.0012086632,val,r0_f2,SwinT
dataT/healthy/healthy_2783.jpg,0,254,A,0.0044233417,val,r0_f2,SwinT
dataT/healthy/healthy_2784.jpg,0,254,A,0.00073033554,val,r0_f2,SwinT
dataT/healthy/healthy_2785.jpg,0,254,A,0.0034108139,val,r0_f2,SwinT
dataT/healthy/healthy_2786.jpg,0,254,A,0.00026608387,val,r0_f2,SwinT
dataT/healthy/healthy_2789.jpg,0,835,A,0.0014884277,val,r0_f2,SwinT
dataT/healthy/healthy_2807.jpg,0,856,A,0.09787462,val,r0_f2,SwinT
dataT/healthy/healthy_2809.jpg,0,856,A,0.023453498,val,r0_f2,SwinT
dataT/healthy/healthy_2810.jpg,0,856,A,0.004948047,val,r0_f2,SwinT
dataT/healthy/healthy_3094.jpg,0,893,A,0.036215786,val,r0_f2,SwinT
dataT/healthy/healthy_3114.jpg,0,914,A,0.0026882896,val,r0_f2,SwinT
dataT/healthy/healthy_3128.jpg,0,928,A,0.013521045,val,r0_f2,SwinT
dataT/healthy/healthy_3157.jpg,0,957,A,0.0010312968,val,r0_f2,SwinT
dataT/healthy/healthy_3343.jpg,0,1001,A,0.009008808,val,r0_f2,SwinT
dataT/healthy/healthy_37.jpg,0,1006,A,0.0011162768,val,r0_f2,SwinT
dataT/healthy/healthy_423.jpg,0,1025,B,0.065875664,val,r0_f2,SwinT
dataT/healthy/healthy_459.jpg,0,1064,A,0.014905026,val,r0_f2,SwinT
dataT/healthy/healthy_588.jpg,0,1113,B,0.0010944807,val,r0_f2,SwinT
dataT/healthy/healthy_619.jpg,0,1148,B,1.0181409e-05,val,r0_f2,SwinT
dataT/healthy/healthy_670.jpg,0,1205,A,0.021597799,val,r0_f2,SwinT
dataT/healthy/healthy_686.jpg,0,1222,B,0.0048118895,val,r0_f2,SwinT
dataT/pod_rot_black/black_pod_rot_10.jpg,1,1269,A,0.98191595,val,r0_f2,SwinT
dataT/pod_rot_black/black_pod_rot_11.jpg,1,1280,A,0.82337177,val,r0_f2,SwinT
dataT/pod_rot_black/black_pod_rot_111.jpg,1,1282,A,0.99988973,val,r0_f2,SwinT
dataT/pod_rot_black/black_pod_rot_112.jpg,1,1282,A,0.99986184,val,r0_f2,SwinT
dataT/pod_rot_black/black_pod_rot_133.jpg,1,1306,A,0.9145341,val,r0_f2,SwinT
dataT/pod_rot_black/black_pod_rot_149.jpg,1,1323,A,0.99961865,val,r0_f2,SwinT
dataT/pod_rot_black/black_pod_rot_17.jpg,1,1346,A,0.99919397,val,r0_f2,SwinT
dataT/pod_rot_black/black_pod_rot_18.jpg,1,1346,A,0.9878142,val,r0_f2,SwinT
dataT/pod_rot_black/black_pod_rot_182.jpg,1,1362,A,0.9999256,val,r0_f2,SwinT
dataT/pod_rot_black/black_pod_rot_183.jpg,1,1362,A,0.999537,val,r0_f2,SwinT
dataT/pod_rot_black/black_pod_rot_184.jpg,1,1362,A,0.9999107,val,r0_f2,SwinT
dataT/pod_rot_black/black_pod_rot_185.jpg,1,1362,A,0.99996674,val,r0_f2,SwinT
dataT/pod_rot_black/black_pod_rot_187.jpg,1,1362,A,0.99873513,val,r0_f2,SwinT
dataT/pod_rot_black/black_pod_rot_188.jpg,1,1362,A,0.9999989,val,r0_f2,SwinT
dataT/pod_rot_black/black_pod_rot_190.jpg,1,1362,A,0.99846125,val,r0_f2,SwinT
dataT/pod_rot_black/black_pod_rot_199.jpg,1,1378,A,0.99940777,val,r0_f2,SwinT
dataT/pod_rot_black/black_pod_rot_218.jpg,1,1400,A,0.99867636,val,r0_f2,SwinT
dataT/pod_rot_black/black_pod_rot_228.jpg,1,1411,A,0.99868125,val,r0_f2,SwinT
dataT/pod_rot_black/black_pod_rot_268.jpg,1,1461,A,0.9995678,val,r0_f2,SwinT
dataT/pod_rot_black/black_pod_rot_269.jpg,1,1461,A,0.98018336,val,r0_f2,SwinT
dataT/pod_rot_black/black_pod_rot_270.jpg,1,1461,A,0.99633956,val,r0_f2,SwinT
dataT/pod_rot_black/black_pod_rot_271.jpg,1,1461,A,0.99994993,val,r0_f2,SwinT
dataT/pod_rot_black/black_pod_rot_273.jpg,1,1461,A,0.99971336,val,r0_f2,SwinT
dataT/pod_rot_black/black_pod_rot_274.jpg,1,1461,A,0.99993765,val,r0_f2,SwinT
dataT/pod_rot_black/black_pod_rot_275.jpg,1,1461,A,0.999956,val,r0_f2,SwinT
dataT/pod_rot_black/black_pod_rot_276.jpg,1,1461,A,0.32545123,val,r0_f2,SwinT
dataT/pod_rot_black/black_pod_rot_277.jpg,1,1461,A,0.9983311,val,r0_f2,SwinT
dataT/pod_rot_black/black_pod_rot_278.jpg,1,1461,A,0.99587643,val,r0_f2,SwinT
dataT/pod_rot_black/black_pod_rot_279.jpg,1,1461,A,0.15356085,val,r0_f2,SwinT
dataT/pod_rot_black/black_pod_rot_283.jpg,1,1461,A,0.999974,val,r0_f2,SwinT
dataT/pod_rot_black/black_pod_rot_31.jpg,1,1378,A,0.99869734,val,r0_f2,SwinT
dataT/pod_rot_black/black_pod_rot_310.jpg,1,1503,A,0.9999695,val,r0_f2,SwinT
dataT/pod_rot_black/black_pod_rot_315.jpg,1,1508,B,0.9996275,val,r0_f2,SwinT
dataT/pod_rot_black/black_pod_rot_324.jpg,1,1518,B,0.99163085,val,r0_f2,SwinT
dataT/pod_rot_black/black_pod_rot_33.jpg,1,1411,A,0.9987631,val,r0_f2,SwinT
dataT/pod_rot_black/black_pod_rot_331.jpg,1,1526,A,0.9993457,val,r0_f2,SwinT
dataT/pod_rot_black/black_pod_rot_347.jpg,1,1543,A,0.9676867,val,r0_f2,SwinT
dataT/pod_rot_black/black_pod_rot_375.jpg,1,1574,A,0.9995283,val,r0_f2,SwinT
dataT/pod_rot_black/black_pod_rot_386.jpg,1,1574,A,0.9999372,val,r0_f2,SwinT
dataT/pod_rot_black/black_pod_rot_402.jpg,1,1605,A,0.99731016,val,r0_f2,SwinT
dataT/pod_rot_black/black_pod_rot_413.jpg,1,1617,A,0.9646937,val,r0_f2,SwinT
dataT/pod_rot_black/black_pod_rot_421.jpg,1,1626,A,0.9985763,val,r0_f2,SwinT
dataT/pod_rot_black/black_pod_rot_435.jpg,1,1641,A,0.9993563,val,r0_f2,SwinT
dataT/pod_rot_black/black_pod_rot_439.jpg,1,1645,A,0.99979943,val,r0_f2,SwinT
dataT/pod_rot_black/black_pod_rot_469.jpg,1,1678,A,0.77263826,val,r0_f2,SwinT
dataT/pod_rot_black/black_pod_rot_470.jpg,1,1678,A,0.99711776,val,r0_f2,SwinT
dataT/pod_rot_black/black_pod_rot_489.jpg,1,1700,A,0.9999323,val,r0_f2,SwinT
dataT/pod_rot_black/black_pod_rot_496.jpg,1,1708,A,0.98051214,val,r0_f2,SwinT
dataT/pod_rot_black/black_pod_rot_50.jpg,1,1713,A,0.99895203,val,r0_f2,SwinT
dataT/pod_rot_black/black_pod_rot_507.jpg,1,1721,A,0.9829044,val,r0_f2,SwinT
dataT/pod_rot_black/black_pod_rot_52.jpg,1,1713,A,0.99942774,val,r0_f2,SwinT
dataT/pod_rot_black/black_pod_rot_528.jpg,1,1744,A,0.99951434,val,r0_f2,SwinT
dataT/pod_rot_black/black_pod_rot_529.jpg,1,1744,A,0.99864525,val,r0_f2,SwinT
dataT/pod_rot_black/black_pod_rot_539.jpg,1,1756,A,0.97223186,val,r0_f2,SwinT
dataT/pod_rot_black/black_pod_rot_573.jpg,1,1794,A,0.99998367,val,r0_f2,SwinT
dataT/pod_rot_black/black_pod_rot_607.jpg,1,1832,A,0.9996755,val,r0_f2,SwinT
dataT/pod_rot_black/black_pod_rot_618.jpg,1,1832,A,0.33501184,val,r0_f2,SwinT
dataT/pod_rot_black/black_pod_rot_620.jpg,1,1847,A,0.9999893,val,r0_f2,SwinT
dataT/pod_rot_black/black_pod_rot_633.jpg,1,1861,A,0.999889,val,r0_f2,SwinT
dataT/pod_rot_black/black_pod_rot_651.jpg,1,1881,A,0.99986446,val,r0_f2,SwinT
dataT/pod_rot_black/black_pod_rot_669.jpg,1,1900,A,0.9991917,val,r0_f2,SwinT
dataT/pod_rot_black/black_pod_rot_672.jpg,1,1904,A,0.99998426,val,r0_f2,SwinT
dataT/pod_rot_black/black_pod_rot_680.jpg,1,1913,A,0.99954236,val,r0_f2,SwinT
dataT/pod_rot_black/black_pod_rot_690.jpg,1,1924,A,0.9999441,val,r0_f2,SwinT
dataT/pod_rot_black/black_pod_rot_694.jpg,1,1928,A,0.9999074,val,r0_f2,SwinT
dataT/pod_rot_black/black_pod_rot_698.jpg,1,1932,A,0.99988735,val,r0_f2,SwinT
dataT/pod_rot_black/black_pod_rot_699.jpg,1,1932,A,0.99996054,val,r0_f2,SwinT
dataT/pod_rot_black/black_pod_rot_700.jpg,1,1932,A,0.99594754,val,r0_f2,SwinT
dataT/pod_rot_black/black_pod_rot_702.jpg,1,1932,A,0.9999932,val,r0_f2,SwinT
dataT/pod_rot_black/black_pod_rot_706.jpg,1,1932,A,0.9737337,val,r0_f2,SwinT
dataT/pod_rot_black/black_pod_rot_708.jpg,1,1932,A,0.8042564,val,r0_f2,SwinT
dataT/pod_rot_black/black_pod_rot_711.jpg,1,1932,A,0.9994721,val,r0_f2,SwinT
dataT/pod_rot_black/black_pod_rot_712.jpg,1,1932,A,0.9964729,val,r0_f2,SwinT
dataT/pod_rot_black/black_pod_rot_714.jpg,1,1932,A,0.9926603,val,r0_f2,SwinT
dataT/pod_rot_black/black_pod_rot_721.jpg,1,1959,A,0.9628639,val,r0_f2,SwinT
dataT/pod_rot_black/black_pod_rot_746.jpg,1,1986,A,0.75717527,val,r0_f2,SwinT
dataT/pod_rot_black/black_pod_rot_79.jpg,1,2034,A,0.9673951,val,r0_f2,SwinT
dataT/pod_rot_black/black_pod_rot_798.jpg,1,2043,A,0.9999149,val,r0_f2,SwinT
dataT/pod_rot_black/black_pod_rot_812.jpg,1,2060,A,0.99804354,val,r0_f2,SwinT
dataT/pod_rot_black/black_pod_rot_826.jpg,1,2075,A,0.9956815,val,r0_f2,SwinT
dataT/pod_rot_black/black_pod_rot_842.jpg,1,2097,A,0.9269768,val,r0_f2,SwinT
dataT/pod_rot_black/black_pod_rot_844.jpg,1,2097,A,0.97473246,val,r0_f2,SwinT
dataT/pod_rot_black/black_pod_rot_845.jpg,1,2097,A,0.9213065,val,r0_f2,SwinT
dataT/pod_rot_black/black_pod_rot_846.jpg,1,2097,A,0.9493818,val,r0_f2,SwinT
dataT/pod_rot_black/black_pod_rot_847.jpg,1,2097,A,0.9974763,val,r0_f2,SwinT
dataT/pod_rot_black/black_pod_rot_865.jpg,1,2118,A,0.9997291,val,r0_f2,SwinT
dataT/pod_rot_black/black_pod_rot_884.jpg,1,2139,A,0.76361233,val,r0_f2,SwinT
dataT/pod_rot_black/black_pod_rot_885.jpg,1,2139,A,0.5858277,val,r0_f2,SwinT
dataT/pod_rot_black/black_pod_rot_886.jpg,1,2139,A,0.34899792,val,r0_f2,SwinT
dataT/pod_rot_black/black_pod_rot_896.jpg,1,2152,A,0.9998472,val,r0_f2,SwinT
dataT/pod_rot_black/black_pod_rot_904.jpg,1,2162,A,0.99996746,val,r0_f2,SwinT
dataT/pod_rot_black/black_pod_rot_905.jpg,1,2162,A,0.99998677,val,r0_f2,SwinT
dataT/pod_rot_black/black_pod_rot_907.jpg,1,2162,A,0.99976736,val,r0_f2,SwinT
dataT/pod_rot_black/black_pod_rot_909.jpg,1,2162,A,0.86194825,val,r0_f2,SwinT
dataT/pod_rot_black/black_pod_rot_937.jpg,1,2198,A,0.8212952,val,r0_f2,SwinT
dataT/pod_rot_black/black_pod_rot_939.jpg,1,2198,A,0.9999856,val,r0_f2,SwinT
dataT/healthy/healthy_1028.jpg,0,24,B,0.004838009,test,r0_f2,SwinT
dataT/healthy/healthy_1178.jpg,0,133,B,0.00021664999,test,r0_f2,SwinT
dataT/healthy/healthy_1224.jpg,0,180,B,0.022294415,test,r0_f2,SwinT
dataT/healthy/healthy_1404.jpg,0,232,A,0.003574311,test,r0_f2,SwinT
dataT/healthy/healthy_1405.jpg,0,232,A,0.10962512,test,r0_f2,SwinT
dataT/healthy/healthy_1407.jpg,0,232,A,0.00044836407,test,r0_f2,SwinT
dataT/healthy/healthy_1408.jpg,0,232,A,0.010584696,test,r0_f2,SwinT
dataT/healthy/healthy_1409.jpg,0,232,A,0.000622216,test,r0_f2,SwinT
dataT/healthy/healthy_1410.jpg,0,232,A,0.01034922,test,r0_f2,SwinT
dataT/healthy/healthy_1426.jpg,0,253,A,0.090050414,test,r0_f2,SwinT
dataT/healthy/healthy_1436.jpg,0,263,A,0.03742416,test,r0_f2,SwinT
dataT/healthy/healthy_1453.jpg,0,279,A,0.0024782622,test,r0_f2,SwinT
dataT/healthy/healthy_1521.jpg,0,348,A,0.88492244,test,r0_f2,SwinT
dataT/healthy/healthy_235.jpg,0,625,A,0.0069246585,test,r0_f2,SwinT
dataT/healthy/healthy_2512.jpg,0,661,A,0.043970447,test,r0_f2,SwinT
dataT/healthy/healthy_253.jpg,0,670,A,0.59166384,test,r0_f2,SwinT
dataT/healthy/healthy_2597.jpg,0,718,A,0.015752193,test,r0_f2,SwinT
dataT/healthy/healthy_2749.jpg,0,791,A,0.006705514,test,r0_f2,SwinT
dataT/healthy/healthy_2750.jpg,0,793,A,0.00034686035,test,r0_f2,SwinT
dataT/healthy/healthy_2768.jpg,0,812,A,0.0006971379,test,r0_f2,SwinT
dataT/healthy/healthy_2793.jpg,0,840,A,0.0020014313,test,r0_f2,SwinT
dataT/healthy/healthy_2796.jpg,0,843,A,0.021708883,test,r0_f2,SwinT
dataT/healthy/healthy_2808.jpg,0,857,A,0.0030975875,test,r0_f2,SwinT
dataT/healthy/healthy_283.jpg,0,870,A,0.24629672,test,r0_f2,SwinT
dataT/healthy/healthy_284.jpg,0,870,A,0.04332048,test,r0_f2,SwinT
dataT/healthy/healthy_285.jpg,0,870,A,0.047662437,test,r0_f2,SwinT
dataT/healthy/healthy_286.jpg,0,870,A,0.15083778,test,r0_f2,SwinT
dataT/healthy/healthy_287.jpg,0,870,A,0.974379,test,r0_f2,SwinT
dataT/healthy/healthy_3100.jpg,0,900,A,0.0037334529,test,r0_f2,SwinT
dataT/healthy/healthy_3129.jpg,0,929,A,0.0020640474,test,r0_f2,SwinT
dataT/healthy/healthy_3140.jpg,0,232,A,0.0005718401,test,r0_f2,SwinT
dataT/healthy/healthy_3141.jpg,0,232,A,0.0008294291,test,r0_f2,SwinT
dataT/healthy/healthy_3142.jpg,0,232,A,0.03337798,test,r0_f2,SwinT
dataT/healthy/healthy_3143.jpg,0,232,A,0.0033293336,test,r0_f2,SwinT
dataT/healthy/healthy_3144.jpg,0,232,A,0.37966985,test,r0_f2,SwinT
dataT/healthy/healthy_3145.jpg,0,232,A,0.00045380928,test,r0_f2,SwinT
dataT/healthy/healthy_3146.jpg,0,232,A,0.007963506,test,r0_f2,SwinT
dataT/healthy/healthy_3147.jpg,0,232,A,0.009753968,test,r0_f2,SwinT
dataT/healthy/healthy_3148.jpg,0,232,A,0.0028077143,test,r0_f2,SwinT
dataT/healthy/healthy_3149.jpg,0,232,A,0.059437975,test,r0_f2,SwinT
dataT/healthy/healthy_3151.jpg,0,232,A,0.0029050438,test,r0_f2,SwinT
dataT/healthy/healthy_3152.jpg,0,232,A,0.0037569627,test,r0_f2,SwinT
dataT/healthy/healthy_3153.jpg,0,232,A,0.0011200577,test,r0_f2,SwinT
dataT/healthy/healthy_3155.jpg,0,232,A,0.015563748,test,r0_f2,SwinT
dataT/healthy/healthy_3158.jpg,0,232,A,0.00046862056,test,r0_f2,SwinT
dataT/healthy/healthy_3159.jpg,0,232,A,0.0037749256,test,r0_f2,SwinT
dataT/healthy/healthy_3160.jpg,0,232,A,0.592492,test,r0_f2,SwinT
dataT/healthy/healthy_3161.jpg,0,232,A,0.63405377,test,r0_f2,SwinT
dataT/healthy/healthy_3162.jpg,0,232,A,0.0008830374,test,r0_f2,SwinT
dataT/healthy/healthy_3163.jpg,0,232,A,0.030759666,test,r0_f2,SwinT
dataT/healthy/healthy_3164.jpg,0,232,A,0.00073432195,test,r0_f2,SwinT
dataT/healthy/healthy_3165.jpg,0,232,A,0.007911101,test,r0_f2,SwinT
dataT/healthy/healthy_3166.jpg,0,232,A,0.008894848,test,r0_f2,SwinT
dataT/healthy/healthy_3311.jpg,0,969,A,0.114672735,test,r0_f2,SwinT
dataT/healthy/healthy_3313.jpg,0,969,A,0.8467127,test,r0_f2,SwinT
dataT/healthy/healthy_3317.jpg,0,975,A,0.97614425,test,r0_f2,SwinT
dataT/healthy/healthy_3340.jpg,0,998,A,0.054244015,test,r0_f2,SwinT
dataT/healthy/healthy_3342.jpg,0,998,A,0.0022549059,test,r0_f2,SwinT
dataT/healthy/healthy_3344.jpg,0,998,A,0.0432767,test,r0_f2,SwinT
dataT/healthy/healthy_412.jpg,0,1013,B,0.0011496383,test,r0_f2,SwinT
dataT/healthy/healthy_426.jpg,0,1028,B,0.0018797482,test,r0_f2,SwinT
dataT/healthy/healthy_436.jpg,0,1039,A,0.03487746,test,r0_f2,SwinT
dataT/healthy/healthy_451.jpg,0,1056,B,0.0010079647,test,r0_f2,SwinT
dataT/healthy/healthy_467.jpg,0,1073,B,0.0036721984,test,r0_f2,SwinT
dataT/healthy/healthy_470.jpg,0,1077,A,0.005226307,test,r0_f2,SwinT
dataT/healthy/healthy_596.jpg,0,1122,B,0.0005359409,test,r0_f2,SwinT
dataT/healthy/healthy_616.jpg,0,1145,B,0.00024440076,test,r0_f2,SwinT
dataT/healthy/healthy_622.jpg,0,1145,B,0.0009947688,test,r0_f2,SwinT
dataT/healthy/healthy_635.jpg,0,1166,B,0.035114598,test,r0_f2,SwinT
dataT/healthy/healthy_638.jpg,0,1166,B,0.0074861418,test,r0_f2,SwinT
dataT/healthy/healthy_639.jpg,0,1166,B,0.011136371,test,r0_f2,SwinT
dataT/healthy/healthy_650.jpg,0,1183,B,0.00021959191,test,r0_f2,SwinT
dataT/healthy/healthy_663.jpg,0,1197,B,0.0047785295,test,r0_f2,SwinT
dataT/healthy/healthy_665.jpg,0,1199,B,0.013502175,test,r0_f2,SwinT
dataT/healthy/healthy_667.jpg,0,1201,B,0.009750532,test,r0_f2,SwinT
dataT/pod_rot_black/black_pod_rot_101.jpg,1,1271,A,0.99978477,test,r0_f2,SwinT
dataT/pod_rot_black/black_pod_rot_109.jpg,1,1279,A,0.9999168,test,r0_f2,SwinT
dataT/pod_rot_black/black_pod_rot_12.jpg,1,1291,A,0.51865345,test,r0_f2,SwinT
dataT/pod_rot_black/black_pod_rot_13.jpg,1,1302,A,0.9999577,test,r0_f2,SwinT
dataT/pod_rot_black/black_pod_rot_135.jpg,1,1308,A,0.8797964,test,r0_f2,SwinT
dataT/pod_rot_black/black_pod_rot_137.jpg,1,1308,A,0.9869802,test,r0_f2,SwinT
dataT/pod_rot_black/black_pod_rot_140.jpg,1,1308,A,0.7831591,test,r0_f2,SwinT
dataT/pod_rot_black/black_pod_rot_141.jpg,1,1308,A,0.5366157,test,r0_f2,SwinT
dataT/pod_rot_black/black_pod_rot_156.jpg,1,1331,A,0.97710574,test,r0_f2,SwinT
dataT/pod_rot_black/black_pod_rot_167.jpg,1,1343,A,0.95606685,test,r0_f2,SwinT
dataT/pod_rot_black/black_pod_rot_189.jpg,1,1367,A,0.99988186,test,r0_f2,SwinT
dataT/pod_rot_black/black_pod_rot_200.jpg,1,1381,A,0.99995005,test,r0_f2,SwinT
dataT/pod_rot_black/black_pod_rot_221.jpg,1,1404,A,0.9994497,test,r0_f2,SwinT
dataT/pod_rot_black/black_pod_rot_223.jpg,1,1406,A,0.9996885,test,r0_f2,SwinT
dataT/pod_rot_black/black_pod_rot_224.jpg,1,1407,A,0.99830925,test,r0_f2,SwinT
dataT/pod_rot_black/black_pod_rot_226.jpg,1,1409,A,0.9999422,test,r0_f2,SwinT
dataT/pod_rot_black/black_pod_rot_23.jpg,1,1435,A,0.9999255,test,r0_f2,SwinT
dataT/pod_rot_black/black_pod_rot_25.jpg,1,1435,A,0.99896634,test,r0_f2,SwinT
dataT/pod_rot_black/black_pod_rot_255.jpg,1,1441,A,0.9994106,test,r0_f2,SwinT
dataT/pod_rot_black/black_pod_rot_26.jpg,1,1435,A,0.99743396,test,r0_f2,SwinT
dataT/pod_rot_black/black_pod_rot_272.jpg,1,1460,A,0.9911532,test,r0_f2,SwinT
dataT/pod_rot_black/black_pod_rot_288.jpg,1,1477,A,0.99250436,test,r0_f2,SwinT
dataT/pod_rot_black/black_pod_rot_305.jpg,1,1406,A,0.99990845,test,r0_f2,SwinT
dataT/pod_rot_black/black_pod_rot_307.jpg,1,1406,A,0.9991761,test,r0_f2,SwinT
dataT/pod_rot_black/black_pod_rot_308.jpg,1,1406,A,0.99938583,test,r0_f2,SwinT
dataT/pod_rot_black/black_pod_rot_309.jpg,1,1501,B,0.99992454,test,r0_f2,SwinT
dataT/pod_rot_black/black_pod_rot_311.jpg,1,1501,B,0.99858654,test,r0_f2,SwinT
dataT/pod_rot_black/black_pod_rot_312.jpg,1,1501,B,0.9999783,test,r0_f2,SwinT
dataT/pod_rot_black/black_pod_rot_313.jpg,1,1501,B,0.99810284,test,r0_f2,SwinT
dataT/pod_rot_black/black_pod_rot_321.jpg,1,1515,A,0.9999665,test,r0_f2,SwinT
dataT/pod_rot_black/black_pod_rot_328.jpg,1,1522,A,0.9641339,test,r0_f2,SwinT
dataT/pod_rot_black/black_pod_rot_342.jpg,1,1538,A,0.99998426,test,r0_f2,SwinT
dataT/pod_rot_black/black_pod_rot_349.jpg,1,1545,A,0.99992836,test,r0_f2,SwinT
dataT/pod_rot_black/black_pod_rot_350.jpg,1,1547,A,0.997863,test,r0_f2,SwinT
dataT/pod_rot_black/black_pod_rot_351.jpg,1,1545,A,0.9999583,test,r0_f2,SwinT
dataT/pod_rot_black/black_pod_rot_352.jpg,1,1545,A,0.99935395,test,r0_f2,SwinT
dataT/pod_rot_black/black_pod_rot_354.jpg,1,1545,A,0.99998677,test,r0_f2,SwinT
dataT/pod_rot_black/black_pod_rot_355.jpg,1,1545,A,0.99501145,test,r0_f2,SwinT
dataT/pod_rot_black/black_pod_rot_356.jpg,1,1545,A,0.9980184,test,r0_f2,SwinT
dataT/pod_rot_black/black_pod_rot_357.jpg,1,1545,A,0.997894,test,r0_f2,SwinT
dataT/pod_rot_black/black_pod_rot_358.jpg,1,1545,A,0.9944153,test,r0_f2,SwinT
dataT/pod_rot_black/black_pod_rot_359.jpg,1,1556,A,0.9999615,test,r0_f2,SwinT
dataT/pod_rot_black/black_pod_rot_361.jpg,1,1545,A,0.96578807,test,r0_f2,SwinT
dataT/pod_rot_black/black_pod_rot_362.jpg,1,1545,A,0.9978218,test,r0_f2,SwinT
dataT/pod_rot_black/black_pod_rot_365.jpg,1,1545,A,0.9993303,test,r0_f2,SwinT
dataT/pod_rot_black/black_pod_rot_366.jpg,1,1545,A,0.4801137,test,r0_f2,SwinT
dataT/pod_rot_black/black_pod_rot_367.jpg,1,1545,A,0.99994636,test,r0_f2,SwinT
dataT/pod_rot_black/black_pod_rot_368.jpg,1,1545,A,0.9910642,test,r0_f2,SwinT
dataT/pod_rot_black/black_pod_rot_369.jpg,1,1545,A,0.9886955,test,r0_f2,SwinT
dataT/pod_rot_black/black_pod_rot_370.jpg,1,1545,A,0.99986005,test,r0_f2,SwinT
dataT/pod_rot_black/black_pod_rot_372.jpg,1,1545,A,0.9996946,test,r0_f2,SwinT
dataT/pod_rot_black/black_pod_rot_373.jpg,1,1545,A,0.99998903,test,r0_f2,SwinT
dataT/pod_rot_black/black_pod_rot_389.jpg,1,1589,A,0.9991374,test,r0_f2,SwinT
dataT/pod_rot_black/black_pod_rot_4.jpg,1,1601,A,0.9996635,test,r0_f2,SwinT
dataT/pod_rot_black/black_pod_rot_407.jpg,1,1610,A,0.99893993,test,r0_f2,SwinT
dataT/pod_rot_black/black_pod_rot_412.jpg,1,1616,A,0.99966455,test,r0_f2,SwinT
dataT/pod_rot_black/black_pod_rot_414.jpg,1,1618,A,0.70724255,test,r0_f2,SwinT
dataT/pod_rot_black/black_pod_rot_415.jpg,1,1616,A,0.13269232,test,r0_f2,SwinT
dataT/pod_rot_black/black_pod_rot_416.jpg,1,1616,A,0.99943835,test,r0_f2,SwinT
dataT/pod_rot_black/black_pod_rot_418.jpg,1,1616,A,0.9852747,test,r0_f2,SwinT
dataT/pod_rot_black/black_pod_rot_422.jpg,1,1627,A,0.99993384,test,r0_f2,SwinT
dataT/pod_rot_black/black_pod_rot_430.jpg,1,1636,A,0.99986255,test,r0_f2,SwinT
dataT/pod_rot_black/black_pod_rot_449.jpg,1,1547,A,0.99981827,test,r0_f2,SwinT
dataT/pod_rot_black/black_pod_rot_451.jpg,1,1618,A,0.95814866,test,r0_f2,SwinT
dataT/pod_rot_black/black_pod_rot_454.jpg,1,1662,A,0.61820143,test,r0_f2,SwinT
dataT/pod_rot_black/black_pod_rot_461.jpg,1,1670,A,0.99985015,test,r0_f2,SwinT
dataT/pod_rot_black/black_pod_rot_486.jpg,1,1697,A,0.9992681,test,r0_f2,SwinT
dataT/pod_rot_black/black_pod_rot_488.jpg,1,1697,A,0.9996939,test,r0_f2,SwinT
dataT/pod_rot_black/black_pod_rot_490.jpg,1,1697,A,0.999595,test,r0_f2,SwinT
dataT/pod_rot_black/black_pod_rot_491.jpg,1,1703,A,0.95953345,test,r0_f2,SwinT
dataT/pod_rot_black/black_pod_rot_492.jpg,1,1703,A,0.99570364,test,r0_f2,SwinT
dataT/pod_rot_black/black_pod_rot_515.jpg,1,1730,A,0.99944574,test,r0_f2,SwinT
dataT/pod_rot_black/black_pod_rot_520.jpg,1,1736,A,0.9999621,test,r0_f2,SwinT
dataT/pod_rot_black/black_pod_rot_538.jpg,1,1755,A,0.99760073,test,r0_f2,SwinT
dataT/pod_rot_black/black_pod_rot_548.jpg,1,1766,A,0.9999907,test,r0_f2,SwinT
dataT/pod_rot_black/black_pod_rot_551.jpg,1,1770,A,0.9977822,test,r0_f2,SwinT
dataT/pod_rot_black/black_pod_rot_553.jpg,1,1770,A,0.99899155,test,r0_f2,SwinT
dataT/pod_rot_black/black_pod_rot_554.jpg,1,1770,A,0.9924589,test,r0_f2,SwinT
dataT/pod_rot_black/black_pod_rot_556.jpg,1,1770,A,0.99133533,test,r0_f2,SwinT
dataT/pod_rot_black/black_pod_rot_557.jpg,1,1770,A,0.99974984,test,r0_f2,SwinT
dataT/pod_rot_black/black_pod_rot_558.jpg,1,1770,A,0.99964297,test,r0_f2,SwinT
dataT/pod_rot_black/black_pod_rot_559.jpg,1,1770,A,0.9998987,test,r0_f2,SwinT
dataT/pod_rot_black/black_pod_rot_560.jpg,1,1770,A,0.99910873,test,r0_f2,SwinT
dataT/pod_rot_black/black_pod_rot_562.jpg,1,1770,A,0.99941194,test,r0_f2,SwinT
dataT/pod_rot_black/black_pod_rot_563.jpg,1,1770,A,0.99992156,test,r0_f2,SwinT
dataT/pod_rot_black/black_pod_rot_564.jpg,1,1770,A,0.9982692,test,r0_f2,SwinT
dataT/pod_rot_black/black_pod_rot_565.jpg,1,1770,A,0.99949014,test,r0_f2,SwinT
dataT/pod_rot_black/black_pod_rot_566.jpg,1,1770,A,0.99995923,test,r0_f2,SwinT
dataT/pod_rot_black/black_pod_rot_567.jpg,1,1770,A,0.9999366,test,r0_f2,SwinT
dataT/pod_rot_black/black_pod_rot_568.jpg,1,1770,A,0.7473742,test,r0_f2,SwinT
dataT/pod_rot_black/black_pod_rot_569.jpg,1,1770,A,0.9753262,test,r0_f2,SwinT
dataT/pod_rot_black/black_pod_rot_570.jpg,1,1770,A,0.9827728,test,r0_f2,SwinT
dataT/pod_rot_black/black_pod_rot_571.jpg,1,1770,A,0.9995536,test,r0_f2,SwinT
dataT/pod_rot_black/black_pod_rot_574.jpg,1,1795,A,0.99986553,test,r0_f2,SwinT
dataT/pod_rot_black/black_pod_rot_58.jpg,1,1801,A,0.9976661,test,r0_f2,SwinT
dataT/pod_rot_black/black_pod_rot_581.jpg,1,1803,A,0.99875855,test,r0_f2,SwinT
dataT/pod_rot_black/black_pod_rot_586.jpg,1,1808,A,0.99914277,test,r0_f2,SwinT
dataT/pod_rot_black/black_pod_rot_60.jpg,1,1824,A,0.99773777,test,r0_f2,SwinT
dataT/pod_rot_black/black_pod_rot_61.jpg,1,1824,A,0.99970275,test,r0_f2,SwinT
dataT/pod_rot_black/black_pod_rot_613.jpg,1,1839,A,0.99997354,test,r0_f2,SwinT
dataT/pod_rot_black/black_pod_rot_62.jpg,1,1824,A,0.9997576,test,r0_f2,SwinT
dataT/pod_rot_black/black_pod_rot_622.jpg,1,1849,A,0.9999938,test,r0_f2,SwinT
dataT/pod_rot_black/black_pod_rot_623.jpg,1,1849,A,0.9999641,test,r0_f2,SwinT
dataT/pod_rot_black/black_pod_rot_63.jpg,1,1857,A,0.9985537,test,r0_f2,SwinT
dataT/pod_rot_black/black_pod_rot_64.jpg,1,1824,A,0.9999845,test,r0_f2,SwinT
dataT/pod_rot_black/black_pod_rot_640.jpg,1,1869,A,0.9972115,test,r0_f2,SwinT
dataT/pod_rot_black/black_pod_rot_641.jpg,1,1869,A,0.9999138,test,r0_f2,SwinT
dataT/pod_rot_black/black_pod_rot_642.jpg,1,1869,A,0.99997985,test,r0_f2,SwinT
dataT/pod_rot_black/black_pod_rot_643.jpg,1,1869,A,0.9997025,test,r0_f2,SwinT
dataT/pod_rot_black/black_pod_rot_645.jpg,1,1874,A,0.9992483,test,r0_f2,SwinT
dataT/pod_rot_black/black_pod_rot_653.jpg,1,1869,A,0.99990404,test,r0_f2,SwinT
dataT/pod_rot_black/black_pod_rot_655.jpg,1,1885,A,0.9998155,test,r0_f2,SwinT
dataT/pod_rot_black/black_pod_rot_657.jpg,1,1887,A,0.9748147,test,r0_f2,SwinT
dataT/pod_rot_black/black_pod_rot_67.jpg,1,1824,A,0.9954665,test,r0_f2,SwinT
dataT/pod_rot_black/black_pod_rot_670.jpg,1,1902,A,0.005552262,test,r0_f2,SwinT
dataT/pod_rot_black/black_pod_rot_679.jpg,1,1911,A,0.9997416,test,r0_f2,SwinT
dataT/pod_rot_black/black_pod_rot_682.jpg,1,1915,A,0.99999297,test,r0_f2,SwinT
dataT/pod_rot_black/black_pod_rot_688.jpg,1,1921,A,0.99891555,test,r0_f2,SwinT
dataT/pod_rot_black/black_pod_rot_69.jpg,1,1824,A,0.99960023,test,r0_f2,SwinT
dataT/pod_rot_black/black_pod_rot_691.jpg,1,1925,A,0.99998474,test,r0_f2,SwinT
dataT/pod_rot_black/black_pod_rot_70.jpg,1,1824,A,0.9962006,test,r0_f2,SwinT
dataT/pod_rot_black/black_pod_rot_704.jpg,1,1940,A,0.999969,test,r0_f2,SwinT
dataT/pod_rot_black/black_pod_rot_705.jpg,1,1940,A,0.99971837,test,r0_f2,SwinT
dataT/pod_rot_black/black_pod_rot_707.jpg,1,1940,A,0.9998004,test,r0_f2,SwinT
dataT/pod_rot_black/black_pod_rot_71.jpg,1,1824,A,0.99948645,test,r0_f2,SwinT
dataT/pod_rot_black/black_pod_rot_710.jpg,1,1947,A,0.9999554,test,r0_f2,SwinT
dataT/pod_rot_black/black_pod_rot_72.jpg,1,1824,A,0.997818,test,r0_f2,SwinT
dataT/pod_rot_black/black_pod_rot_723.jpg,1,1961,A,0.99949944,test,r0_f2,SwinT
dataT/pod_rot_black/black_pod_rot_73.jpg,1,1824,A,0.9975606,test,r0_f2,SwinT
dataT/pod_rot_black/black_pod_rot_735.jpg,1,1974,A,0.9989274,test,r0_f2,SwinT
dataT/pod_rot_black/black_pod_rot_74.jpg,1,1824,A,0.9995043,test,r0_f2,SwinT
dataT/pod_rot_black/black_pod_rot_742.jpg,1,1982,A,0.99996173,test,r0_f2,SwinT
dataT/pod_rot_black/black_pod_rot_75.jpg,1,1824,A,0.99528944,test,r0_f2,SwinT
dataT/pod_rot_black/black_pod_rot_755.jpg,1,1996,A,0.99941766,test,r0_f2,SwinT
dataT/pod_rot_black/black_pod_rot_756.jpg,1,1996,A,0.9999553,test,r0_f2,SwinT
dataT/pod_rot_black/black_pod_rot_76.jpg,1,1824,A,0.99885476,test,r0_f2,SwinT
dataT/pod_rot_black/black_pod_rot_769.jpg,1,2011,A,0.9999486,test,r0_f2,SwinT
dataT/pod_rot_black/black_pod_rot_77.jpg,1,1824,A,0.9989825,test,r0_f2,SwinT
dataT/pod_rot_black/black_pod_rot_78.jpg,1,2023,A,0.9998733,test,r0_f2,SwinT
dataT/pod_rot_black/black_pod_rot_789.jpg,1,2033,A,0.9999088,test,r0_f2,SwinT
dataT/pod_rot_black/black_pod_rot_800.jpg,1,2047,A,0.9999931,test,r0_f2,SwinT
dataT/pod_rot_black/black_pod_rot_807.jpg,1,2054,A,0.5709542,test,r0_f2,SwinT
dataT/pod_rot_black/black_pod_rot_818.jpg,1,2066,A,0.9955576,test,r0_f2,SwinT
dataT/pod_rot_black/black_pod_rot_832.jpg,1,2082,A,0.99910945,test,r0_f2,SwinT
dataT/pod_rot_black/black_pod_rot_84.jpg,1,2112,A,0.97866184,test,r0_f2,SwinT
dataT/pod_rot_black/black_pod_rot_840.jpg,1,2091,A,0.9997017,test,r0_f2,SwinT
dataT/pod_rot_black/black_pod_rot_843.jpg,1,2082,A,0.9999149,test,r0_f2,SwinT
dataT/pod_rot_black/black_pod_rot_85.jpg,1,2112,A,0.993743,test,r0_f2,SwinT
dataT/pod_rot_black/black_pod_rot_850.jpg,1,1996,A,0.9997174,test,r0_f2,SwinT
dataT/pod_rot_black/black_pod_rot_854.jpg,1,2082,A,0.999928,test,r0_f2,SwinT
dataT/pod_rot_black/black_pod_rot_86.jpg,1,2112,A,0.99955374,test,r0_f2,SwinT
dataT/pod_rot_black/black_pod_rot_862.jpg,1,2115,A,0.9997203,test,r0_f2,SwinT
dataT/pod_rot_black/black_pod_rot_87.jpg,1,2112,A,0.9999454,test,r0_f2,SwinT
dataT/pod_rot_black/black_pod_rot_88.jpg,1,2112,A,0.9943389,test,r0_f2,SwinT
dataT/pod_rot_black/black_pod_rot_880.jpg,1,2135,A,0.050430004,test,r0_f2,SwinT
dataT/pod_rot_black/black_pod_rot_882.jpg,1,2137,A,0.9991755,test,r0_f2,SwinT
dataT/pod_rot_black/black_pod_rot_889.jpg,1,2144,A,0.12919718,test,r0_f2,SwinT
dataT/pod_rot_black/black_pod_rot_89.jpg,1,2112,A,0.99993765,test,r0_f2,SwinT
dataT/pod_rot_black/black_pod_rot_900.jpg,1,2158,A,0.09711356,test,r0_f2,SwinT
dataT/pod_rot_black/black_pod_rot_908.jpg,1,2166,A,0.9999832,test,r0_f2,SwinT
dataT/pod_rot_black/black_pod_rot_91.jpg,1,2112,A,0.9792358,test,r0_f2,SwinT
dataT/pod_rot_black/black_pod_rot_917.jpg,1,2176,A,0.9728326,test,r0_f2,SwinT
dataT/pod_rot_black/black_pod_rot_92.jpg,1,2112,A,0.99999154,test,r0_f2,SwinT
dataT/pod_rot_black/black_pod_rot_934.jpg,1,2195,A,0.99949336,test,r0_f2,SwinT
dataT/pod_rot_black/black_pod_rot_935.jpg,1,2195,A,0.98933625,test,r0_f2,SwinT
dataT/pod_rot_black/black_pod_rot_936.jpg,1,2195,A,0.42850372,test,r0_f2,SwinT
dataT/pod_rot_black/black_pod_rot_94.jpg,1,2112,A,0.9999573,test,r0_f2,SwinT
dataT/pod_rot_black/black_pod_rot_95.jpg,1,2112,A,0.9991055,test,r0_f2,SwinT
dataT/pod_rot_black/black_pod_rot_96.jpg,1,2112,A,0.9987257,test,r0_f2,SwinT
dataT/pod_rot_black/black_pod_rot_97.jpg,1,2112,A,0.99964154,test,r0_f2,SwinT
