Modelo,Repetición,Pliegue,AUC,AP,Brier,ECE,Accuracy@0.5,Precision@0.5,Recall@0.5,Especificidad@0.5,F1@0.5,F1_macro@0.5,TP@0.5,TN@0.5,FP@0.5,FN@0.5,Accuracy@umbral_val,Precision@umbral_val,Recall@umbral_val,Especificidad@umbral_val,F1@umbral_val,F1_macro@umbral_val,TP@umbral_val,TN@umbral_val,FP@umbral_val,FN@umbral_val,MaxF1_prueba(optimista)
ConvNeXtT,1,1,0.9975343053173242,0.9971443809533067,0.02181959089060885,0.030821073081938214,0.9639175257731959,0.9764705882352941,0.9431818181818182,0.9811320754716981,0.9595375722543352,0.9634897163597258,83,104,2,5,0.9587628865979382,1.0,0.9090909090909091,1.0,0.9523809523809523,0.958008658008658,80,106,0,8,0.9714285714285714
ConvNeXtT,1,2,0.9905509459718875,0.9886337518889748,0.04067488198051953,0.033508600613129665,0.9497568881685575,0.9615384615384616,0.922509225092251,0.9710982658959537,0.9416195856873824,0.9487614286900639,250,336,10,21,0.946515397082658,0.9407407407407408,0.9372693726937269,0.953757225433526,0.9390018484288354,0.945691400404894,254,330,16,17,0.943609022556391
ConvNeXtT,1,3,0.9871372549019608,0.9945481418648798,0.03707461305006187,0.03131882458567359,0.9591836734693877,0.9819277108433735,0.9588235294117647,0.96,0.9702380952380952,0.9526515151515151,163,72,3,7,0.9551020408163265,0.9704142011834319,0.9647058823529412,0.9333333333333333,0.967551622418879,0.9473519701498369,164,70,5,6,0.9736070381231672
ConvNeXtT,1,4,0.9936203282006795,0.990447087373569,0.0220781211815396,0.011848927230166425,0.9732016925246827,0.9733333333333334,0.9439655172413793,0.9874213836477987,0.9584245076586434,0.9693267179292175,219,471,6,13,0.9703808180535967,0.9773755656108597,0.9310344827586207,0.989517819706499,0.9536423841059603,0.9659403630374361,216,472,5,16,0.9629629629629629
ConvNeXtT,1,5,0.9956918081918081,0.9939783839336624,0.026682786204580203,0.02216051288692156,0.9641255605381166,0.946236559139785,0.967032967032967,0.9621212121212122,0.9565217391304348,0.9629936939926983,176,254,10,6,0.9641255605381166,0.946236559139785,0.967032967032967,0.9621212121212122,0.9565217391304348,0.9629936939926983,176,254,10,6,0.9662921348314606
ConvNeXtT,2,1,0.9951328048950077,0.9895800565326908,0.02276490098297632,0.014729265652044144,0.9698795180722891,0.9701492537313433,0.9219858156028369,0.988795518207283,0.9454545454545454,0.9623250535871894,130,353,4,11,0.9698795180722891,0.9701492537313433,0.9219858156028369,0.988795518207283,0.9454545454545454,0.9623250535871894,130,353,4,11,0.9492753623188406
ConvNeXtT,2,2,0.9896764812795347,0.9938998981506533,0.04901252364635272,0.049258157543108555,0.9384164222873901,0.9748743718592965,0.9238095238095239,0.9618320610687023,0.9486552567237164,0.9358660899003197,194,126,5,16,0.9384164222873901,0.9896373056994818,0.9095238095238095,0.9847328244274809,0.9478908188585607,0.9363110008271298,191,129,2,19,0.9563106796116505
ConvNeXtT,2,3,0.9809057479401412,0.9813558824284722,0.04775330675682857,0.034529354756475734,0.947136563876652,0.9447236180904522,0.9353233830845771,0.9565217391304348,0.94,0.9463779527559055,188,242,11,13,0.8854625550660793,0.8143459915611815,0.9601990049751243,0.8260869565217391,0.8812785388127854,0.8853201204702225,193,209,44,8,0.9423558897243107
ConvNeXtT,2,4,0.9943569553805774,0.990858439922067,0.028922415726291662,0.01726832081583029,0.9633943427620633,0.95,0.95,0.9711286089238845,0.9500000000000001,0.9605643044619423,209,370,11,11,0.9600665557404326,0.9711538461538461,0.9181818181818182,0.984251968503937,0.9439252336448598,0.9564587408534376,202,375,6,18,0.9528089887640449
ConvNeXtT,2,5,0.9880237122486581,0.9906501690705755,0.042521929673624594,0.04422412957728703,0.9369085173501577,0.9467455621301775,0.935672514619883,0.9383561643835616,0.9411764705882353,0.9365746298519408,160,137,9,11,0.9495268138801262,0.9281767955801105,0.9824561403508771,0.910958904109589,0.9545454545454546,0.9489039329464861,168,133,13,3,0.9545454545454546
ConvNeXtT,3,1,0.9971916873946882,0.9964933604771911,0.018167706478681107,0.022656201560834862,0.9776785714285714,0.9537037037037037,1.0,0.9586776859504132,0.976303317535545,0.9776031355610215,103,116,5,0,0.9821428571428571,0.9714285714285714,0.9902912621359223,0.9752066115702479,0.9807692307692307,0.982051282051282,102,118,3,1,0.985645933014354
ConvNeXtT,3,2,0.9930318754633062,0.9960881087131663,0.027992455844291993,0.03137307027724468,0.9704641350210971,0.9927007299270073,0.9577464788732394,0.9894736842105263,0.974910394265233,0.9695064791838985,136,94,1,6,0.9662447257383966,0.9855072463768116,0.9577464788732394,0.9789473684210527,0.9714285714285714,0.9650957290132548,136,93,2,6,0.974910394265233
ConvNeXtT,3,3,0.99167056803995,0.9854149563952402,0.030765055794111526,0.018093967750155423,0.9596678529062871,0.946360153256705,0.9250936329588015,0.9756944444444444,0.9356060606060607,0.9531225467106296,247,562,14,20,0.9584816132858838,0.953125,0.9138576779026217,0.9791666666666666,0.9330783938814532,0.9514919054531943,244,564,12,23,0.9405204460966543
ConvNeXtT,3,4,0.9934701757374442,0.9947253363840681,0.0306723044530713,0.026817268428107725,0.9627659574468085,0.9743589743589743,0.9547738693467337,0.9717514124293786,0.9644670050761421,0.9626804299123728,190,172,5,9,0.9601063829787234,0.9742268041237113,0.949748743718593,0.9717514124293786,0.9618320610687022,0.9600246656318442,189,172,5,10,0.9692307692307691
ConvNeXtT,3,5,0.9909035866682043,0.9908956864389684,0.029168391636910016,0.021840829623316422,0.9661016949152542,0.9692982456140351,0.9525862068965517,0.9765886287625418,0.9608695652173913,0.9654846164957389,221,292,7,11,0.9529190207156308,0.9330543933054394,0.9612068965517241,0.9464882943143813,0.9469214437367304,0.9523101296517831,223,283,16,9,0.9608695652173913
DeiT,1,1,0.9975343053173242,0.9971065626313488,0.020163608810663917,0.02387065785319585,0.979381443298969,0.9772727272727273,0.9772727272727273,0.9811320754716981,0.9772727272727273,0.9792024013722127,86,104,2,2,0.9587628865979382,0.925531914893617,0.9886363636363636,0.9339622641509434,0.9560439560439561,0.9586045022938228,87,99,7,1,0.9775280898876404
DeiT,1,2,0.9870528763091099,0.9846930476187093,0.046693943192644284,0.03410965550771471,0.9384116693679092,0.9641434262948207,0.8929889298892989,0.9739884393063584,0.9272030651340997,0.9369161393086229,242,337,9,29,0.9351701782820098,0.9914893617021276,0.8597785977859779,0.9942196531791907,0.9209486166007905,0.9330017808278678,233,344,2,38,0.9370370370370371
DeiT,1,3,0.9843921568627451,0.9939740077199711,0.048324929198008716,0.04753181518977954,0.9346938775510204,0.963855421686747,0.9411764705882353,0.92,0.9523809523809523,0.9242424242424242,160,69,6,10,0.9346938775510204,0.9695121951219512,0.9352941176470588,0.9333333333333333,0.9520958083832335,0.9247658529095655,159,70,5,11,0.9636363636363635
DeiT,1,4,0.9897346924022267,0.9836202382591693,0.03521206106058126,0.025796048033526107,0.9520451339915373,0.9380530973451328,0.9137931034482759,0.9706498951781971,0.925764192139738,0.9451737627365357,212,463,14,20,0.9534555712270804,0.9422222222222222,0.9137931034482759,0.9727463312368972,0.9277899343544858,0.9467253521928516,212,464,13,20,0.9356223175965666
DeiT,1,5,0.9902389277389277,0.9886385488258128,0.03350737765052259,0.022300087283138988,0.9596412556053812,0.9456521739130435,0.9560439560439561,0.9621212121212122,0.9508196721311475,0.958299569905878,174,254,10,8,0.9596412556053812,0.9555555555555556,0.945054945054945,0.9696969696969697,0.9502762430939227,0.9581569894714896,172,256,8,10,0.9560439560439561
DeiT,2,1,0.9920336929097879,0.9863432930723812,0.0260861524550636,0.02372226641695178,0.9658634538152611,0.9696969696969697,0.9078014184397163,0.988795518207283,0.9377289377289377,0.9571078990166126,128,353,4,13,0.9658634538152611,0.9558823529411765,0.9219858156028369,0.9831932773109243,0.9386281588447654,0.9574921044571532,130,351,6,11,0.95
DeiT,2,2,0.9864412940748819,0.9920804555762702,0.052773292748751234,0.049714129971818295,0.9384164222873901,0.9701492537313433,0.9285714285714286,0.9541984732824428,0.948905109489051,0.935707167290651,195,125,6,15,0.9384164222873901,0.9701492537313433,0.9285714285714286,0.9541984732824428,0.948905109489051,0.935707167290651,195,125,6,15,0.9559164733178654
DeiT,2,3,0.9813776964977484,0.9821780765398087,0.0454854122817737,0.03407745254892068,0.9427312775330396,0.9353233830845771,0.9353233830845771,0.9486166007905138,0.9353233830845771,0.9419699919375455,188,240,13,13,0.9273127753303965,0.9,0.9402985074626866,0.9169960474308301,0.9197080291970803,0.9266548194275139,189,232,21,12,0.9423558897243107
DeiT,2,4,0.9919470293486041,0.989118735726975,0.025946172007682098,0.012829590718236309,0.9717138103161398,0.967741935483871,0.9545454545454546,0.9816272965879265,0.9610983981693364,0.9694380879735571,210,374,7,10,0.9667221297836939,0.9716981132075472,0.9363636363636364,0.984251968503937,0.9537037037037037,0.9638648388648389,206,375,6,14,0.9610983981693364
DeiT,2,5,0.991989105183049,0.993372558002136,0.03405407133641855,0.03317034307665614,0.9621451104100947,0.9649122807017544,0.9649122807017544,0.958904109589041,0.9649122807017544,0.9619081951453977,165,140,6,6,0.9305993690851735,0.8983957219251337,0.9824561403508771,0.8698630136986302,0.9385474860335196,0.9294186705529917,168,127,19,3,0.9649122807017544
DeiT,3,1,0.9973521624007061,0.9968975374466096,0.024311454946519012,0.026532132860401736,0.9642857142857143,0.9523809523809523,0.970873786407767,0.9586776859504132,0.9615384615384616,0.9641025641025641,100,116,5,3,0.9642857142857143,0.9523809523809523,0.970873786407767,0.9586776859504132,0.9615384615384616,0.9641025641025641,100,116,5,3,0.976303317535545
DeiT,3,2,0.9910303928836175,0.9944448667949948,0.044646153385652615,0.04999502181510548,0.9451476793248945,0.9777777777777777,0.9295774647887324,0.968421052631579,0.9530685920577617,0.9435393721710128,132,92,3,10,0.9367088607594937,0.9922480620155039,0.9014084507042254,0.9894736842105263,0.9446494464944649,0.9353789104393506,128,94,1,14,0.965034965034965
DeiT,3,3,0.9844270183104452,0.9764126075278184,0.03942088130545227,0.020299927607259786,0.9418742586002372,0.9224806201550387,0.8913857677902621,0.9652777777777778,0.9066666666666667,0.9322308354866494,238,556,20,29,0.9395017793594306,0.8970588235294118,0.9138576779026217,0.9513888888888888,0.9053803339517627,0.9304582576471978,244,548,28,23,0.9184890656063618
DeiT,3,4,0.9872810379581523,0.9908769416410047,0.03917604172313158,0.03411107037281914,0.9574468085106383,0.9790575916230366,0.9396984924623115,0.9774011299435028,0.958974358974359,0.9573877319733674,187,173,4,12,0.925531914893617,0.9090909090909091,0.9547738693467337,0.8926553672316384,0.9313725490196078,0.9249886000911993,190,158,19,9,0.958974358974359
DeiT,3,5,0.9890439395686772,0.9896286304853577,0.03318926623614136,0.023597722354312588,0.9548022598870056,0.9601769911504425,0.9353448275862069,0.9698996655518395,0.9475982532751092,0.9539315769686805,217,290,9,15,0.9510357815442562,0.9327731092436975,0.9568965517241379,0.9464882943143813,0.9446808510638298,0.9503809660724554,222,283,16,10,0.9536423841059603
EfficientNetV2S,1,1,0.9977487135506004,0.9971942104250963,0.018198510941738646,0.023337781476623763,0.9690721649484536,0.9767441860465116,0.9545454545454546,0.9811320754716981,0.9655172413793104,0.9687399291008701,84,104,2,4,0.9587628865979382,0.9878048780487805,0.9204545454545454,0.9905660377358491,0.9529411764705882,0.9581219643820831,81,105,1,7,0.9777777777777777
EfficientNetV2S,1,2,0.989687093402726,0.9899850080792734,0.03700836882713972,0.025341349836524616,0.9497568881685575,0.9580152671755725,0.9261992619926199,0.9682080924855492,0.9418386491557222,0.9488080549630252,251,335,11,20,0.9497568881685575,0.9316546762589928,0.955719557195572,0.9450867052023122,0.9435336976320583,0.9491391115897518,259,327,19,12,0.9549549549549549
EfficientNetV2S,1,3,0.9826666666666667,0.9926845091615735,0.051468648548105664,0.04901871272868157,0.9346938775510204,0.9529411764705882,0.9529411764705882,0.8933333333333333,0.9529411764705882,0.9231372549019607,162,67,8,8,0.9346938775510204,0.9529411764705882,0.9529411764705882,0.8933333333333333,0.9529411764705882,0.9231372549019607,162,67,8,8,0.9590643274853802
EfficientNetV2S,1,4,0.9841050386756308,0.9763856299311807,0.0433360736003564,0.03524420153706204,0.9464033850493653,0.9663461538461539,0.8663793103448276,0.9853249475890985,0.9136363636363636,0.9373907789551962,201,470,7,31,0.9464033850493653,0.9663461538461539,0.8663793103448276,0.9853249475890985,0.9136363636363636,0.9373907789551962,201,470,7,31,0.9188034188034189
EfficientNetV2S,1,5,0.992049617049617,0.988495605229471,0.02981877064891441,0.03066246062861816,0.9663677130044843,0.9562841530054644,0.9615384615384616,0.9696969696969697,0.958904109589041,0.9652205557432871,175,256,8,7,0.9663677130044843,0.9562841530054644,0.9615384615384616,0.9696969696969697,0.958904109589041,0.9652205557432871,175,256,8,7,0.9645776566757492
EfficientNetV2S,2,1,0.9928482031110317,0.9854942252669215,0.024361960139965243,0.022997371298133357,0.9718875502008032,0.9635036496350365,0.9361702127659575,0.9859943977591037,0.9496402877697842,0.9650708402637221,132,352,5,9,0.9698795180722891,0.9772727272727273,0.9148936170212766,0.9915966386554622,0.945054945054945,0.96215402854407,129,354,3,12,0.9496402877697842
EfficientNetV2S,2,2,0.9878226099600146,0.9926323834581245,0.03854377948855213,0.040606613318609375,0.9560117302052786,0.9710144927536232,0.9571428571428572,0.9541984732824428,0.9640287769784173,0.9537125016967558,201,125,6,9,0.9589442815249267,0.9711538461538461,0.9619047619047619,0.9541984732824428,0.9665071770334929,0.956738437001595,202,125,6,8,0.9689737470167064
EfficientNetV2S,2,3,0.9851532849586061,0.9840413235109894,0.04895312967077443,0.035411369680699765,0.9361233480176211,0.9257425742574258,0.9303482587064676,0.9407114624505929,0.9280397022332506,0.9353069798294966,187,238,15,14,0.9140969162995595,0.8584070796460177,0.9651741293532339,0.8735177865612648,0.908665105386417,0.9137920121526679,194,221,32,7,0.9354005167958657
EfficientNetV2S,2,4,0.9904199475065617,0.9892326180338952,0.025921940578769304,0.02412400352922772,0.9650582362728786,0.9671361502347418,0.9363636363636364,0.9816272965879265,0.9515011547344111,0.9620964811383369,206,374,7,14,0.9484193011647255,0.9796954314720813,0.8772727272727273,0.989501312335958,0.9256594724220624,0.9430845132810949,193,377,4,27,0.9574944071588367
EfficientNetV2S,2,5,0.9902667627974044,0.9924513844367224,0.039230346085456246,0.025671695553476297,0.9526813880126183,0.9642857142857143,0.9473684210526315,0.958904109589041,0.9557522123893805,0.952452377381131,162,140,6,9,0.9337539432176656,0.907608695652174,0.9766081871345029,0.8835616438356164,0.9408450704225352,0.932788126609117,167,129,17,4,0.9557522123893805
EfficientNetV2S,3,1,0.9938217122683143,0.9913439373205918,0.023954095753364296,0.028399009221051076,0.96875,0.9528301886792453,0.9805825242718447,0.9586776859504132,0.9665071770334929,0.9686092370523113,101,116,5,2,0.9776785714285714,0.9537037037037037,1.0,0.9586776859504132,0.976303317535545,0.9776031355610215,103,116,5,0,0.976303317535545
EfficientNetV2S,3,2,0.9911045218680505,0.9955778223810903,0.027743947248195292,0.033179279546155224,0.9746835443037974,0.9927536231884058,0.9647887323943662,0.9894736842105263,0.9785714285714285,0.9738217967599411,137,94,1,5,0.9578059071729957,0.9925373134328358,0.9366197183098591,0.9894736842105263,0.9637681159420289,0.9566315327184892,133,94,1,9,0.9785714285714285
EfficientNetV2S,3,3,0.9828209529754474,0.9750387601671716,0.03805012723553338,0.018757743406443407,0.9489916963226572,0.9375,0.898876404494382,0.9722222222222222,0.9177820267686424,0.9404043409853531,240,560,16,27,0.9359430604982206,0.8685121107266436,0.9400749063670412,0.9340277777777778,0.9028776978417266,0.9275450436111288,251,538,38,16,0.9245647969052223
EfficientNetV2S,3,4,0.9906027311699742,0.9924725966420446,0.04206696100969483,0.03470696253736108,0.9414893617021277,0.949238578680203,0.9396984924623115,0.943502824858757,0.9444444444444445,0.9413233458177278,187,167,10,12,0.9441489361702128,0.9405940594059405,0.9547738693467337,0.9322033898305084,0.9476309226932669,0.9439009314321035,190,165,12,9,0.9504950495049505
EfficientNetV2S,3,5,0.9926623226848115,0.9921188378716921,0.032981395897290135,0.027925869141578897,0.96045197740113,0.9688888888888889,0.9396551724137931,0.9765886287625418,0.9540481400437637,0.9596686981210554,218,292,7,14,0.96045197740113,0.9688888888888889,0.9396551724137931,0.9765886287625418,0.9540481400437637,0.9596686981210554,218,292,7,14,0.9567099567099567
ResNet50,1,1,0.99721269296741,0.9967532284497193,0.023420417667534436,0.032589964390824656,0.9639175257731959,0.9879518072289156,0.9318181818181818,0.9905660377358491,0.9590643274853801,0.9634031314846255,82,105,1,6,0.9639175257731959,0.9879518072289156,0.9318181818181818,0.9905660377358491,0.9590643274853801,0.9634031314846255,82,105,1,6,0.967032967032967
ResNet50,1,2,0.9847172749184139,0.9843817784346934,0.04570284289055083,0.037579482499387334,0.9367909238249594,0.9603174603174603,0.8929889298892989,0.9710982658959537,0.9254302103250478,0.9352889448249712,242,336,10,29,0.9351701782820098,0.9676113360323887,0.8819188191881919,0.976878612716763,0.9227799227799228,0.9334570004961067,239,338,8,32,0.9360902255639099
ResNet50,1,3,0.9847058823529412,0.9941565492083841,0.04392851555420309,0.03577664335620408,0.9346938775510204,0.963855421686747,0.9411764705882353,0.92,0.9523809523809523,0.9242424242424242,160,69,6,10,0.9387755102040817,0.9640718562874252,0.9470588235294117,0.92,0.9554896142433233,0.9287251992785245,161,69,6,9,0.9651162790697674
ResNet50,1,4,0.9878732017638979,0.9800252920002838,0.03860093472681941,0.03352909782723497,0.9534555712270804,0.9461883408071748,0.9094827586206896,0.9748427672955975,0.9274725274725274,0.946602307349971,211,465,12,21,0.9492242595204513,0.9579439252336449,0.8836206896551724,0.9811320754716981,0.9192825112107623,0.9411227370868627,205,468,9,27,0.9330453563714903
ResNet50,1,5,0.9937770562770563,0.9927696828158115,0.02609090896942117,0.017398713961995525,0.9663677130044843,0.9883040935672515,0.9285714285714286,0.9924242424242424,0.9575070821529745,0.9648388843046876,169,262,2,13,0.9596412556053812,0.9555555555555556,0.945054945054945,0.9696969696969697,0.9502762430939227,0.9581569894714896,172,256,8,10,0.9633802816901408
ResNet50,2,1,0.9935832489023978,0.9872537703254857,0.02355593326796573,0.02209927598373994,0.9738955823293173,0.9923076923076923,0.9148936170212766,0.9971988795518207,0.952029520295203,0.9670492429062222,129,356,1,12,0.9759036144578314,0.9849624060150376,0.9290780141843972,0.9943977591036415,0.9562043795620437,0.9697919404735427,131,355,2,10,0.9565217391304347
ResNet50,2,2,0.9860050890585241,0.9917566507188658,0.04483160229028903,0.0422038752864104,0.9501466275659824,0.9800995024875622,0.9380952380952381,0.9694656488549618,0.9586374695863747,0.9479534211400509,197,127,4,13,0.9501466275659824,0.9800995024875622,0.9380952380952381,0.9694656488549618,0.9586374695863747,0.9479534211400509,197,127,4,13,0.9624413145539906
ResNet50,2,3,0.9857432206556151,0.9861260844924682,0.03719429786310437,0.03575535715493944,0.9559471365638766,0.9689119170984456,0.9303482587064676,0.9762845849802372,0.9492385786802031,0.9551640364218136,187,247,6,14,0.9581497797356828,0.9690721649484536,0.9353233830845771,0.9762845849802372,0.9518987341772152,0.9574308485700891,188,247,6,13,0.9523809523809523
ResNet50,2,4,0.9869482223812932,0.9834524603792877,0.04154120166309329,0.04068492146064893,0.9434276206322796,0.8974358974358975,0.9545454545454546,0.937007874015748,0.9251101321585904,0.9398277933520225,210,357,24,10,0.9550748752079867,0.9617224880382775,0.9136363636363637,0.979002624671916,0.9370629370629371,0.9510670442106406,201,373,8,19,0.943661971830986
ResNet50,2,5,0.9961547704878635,0.9968441520782241,0.025482587508518735,0.031411220500946364,0.9652996845425867,0.9705882352941176,0.9649122807017544,0.9657534246575342,0.967741935483871,0.9650996366839151,165,141,5,6,0.9558359621451105,0.9875776397515528,0.9298245614035088,0.9863013698630136,0.9578313253012049,0.9557368547035825,159,144,2,12,0.9704142011834319
ResNet50,3,1,0.9947043248014121,0.9930296474832381,0.02673875360547192,0.0334078639292857,0.9642857142857143,0.9357798165137615,0.9902912621359223,0.9421487603305785,0.9622641509433962,0.9641829229293253,102,114,7,1,0.9642857142857143,0.9357798165137615,0.9902912621359223,0.9421487603305785,0.9622641509433962,0.9641829229293253,102,114,7,1,0.9671361502347418
ResNet50,3,2,0.9884358784284656,0.9934510619667977,0.03612051002918112,0.036847579127717266,0.9578059071729957,0.9714285714285714,0.9577464788732394,0.9578947368421052,0.9645390070921985,0.9562278368794326,136,91,4,6,0.9493670886075949,0.9710144927536232,0.9436619718309859,0.9578947368421052,0.9571428571428571,0.9476435935198821,134,91,4,8,0.9645390070921985
ResNet50,3,3,0.9826648980441116,0.9747628477075843,0.039582336740680964,0.019306896592621595,0.9513641755634639,0.924812030075188,0.9213483146067416,0.9652777777777778,0.9230769230769231,0.9437587564213756,246,556,20,21,0.9442467378410438,0.89568345323741,0.9325842696629213,0.9496527777777778,0.9137614678899081,0.936284765496225,249,547,29,18,0.9265536723163842
ResNet50,3,4,0.9942083297845157,0.9959530410619156,0.019719054173377496,0.012239346436468145,0.976063829787234,0.975,0.9798994974874372,0.9717514124293786,0.9774436090225564,0.9759739291571705,195,172,5,4,0.9787234042553191,0.9798994974874372,0.9798994974874372,0.9774011299435028,0.9798994974874372,0.9786503137154701,195,173,4,4,0.9823677581863981
ResNet50,3,5,0.9902404566947295,0.990394106650383,0.03232706749169919,0.025197451180838038,0.9623352165725048,0.9774774774774775,0.9353448275862069,0.9832775919732442,0.9559471365638766,0.9615261998608857,217,294,5,15,0.96045197740113,0.9773755656108597,0.9310344827586207,0.9832775919732442,0.9536423841059603,0.9595798127426354,216,294,5,16,0.9572649572649573
SwinT,1,1,0.99721269296741,0.9968102231491939,0.018789366468469446,0.024449621250335216,0.979381443298969,0.9772727272727273,0.9772727272727273,0.9811320754716981,0.9772727272727273,0.9792024013722127,86,104,2,2,0.979381443298969,0.9772727272727273,0.9772727272727273,0.9811320754716981,0.9772727272727273,0.9792024013722127,86,104,2,2,0.9772727272727273
SwinT,1,2,0.9937077405456136,0.9919793597640127,0.03411698797738021,0.030660278812663474,0.9578606158833063,0.9588014981273408,0.9446494464944649,0.9682080924855492,0.9516728624535316,0.9571582703072256,256,335,11,15,0.9594813614262561,0.9624060150375939,0.9446494464944649,0.9710982658959537,0.9534450651769086,0.958788529719014,256,336,10,15,0.9558823529411764
SwinT,1,3,0.987764705882353,0.994869523895535,0.04327588183087272,0.03805462757808153,0.9428571428571428,0.9588235294117647,0.9588235294117647,0.9066666666666666,0.9588235294117647,0.9327450980392157,163,68,7,7,0.9469387755102041,0.953757225433526,0.9705882352941176,0.8933333333333333,0.9620991253644314,0.9368318756073859,165,67,8,5,0.9649122807017544
SwinT,1,4,0.9932769464324442,0.9890572239846585,0.026552735750893716,0.02055187827601109,0.9661495063469676,0.9521739130434783,0.9439655172413793,0.9769392033542977,0.948051948051948,0.9614736727707439,219,466,11,13,0.9703808180535967,0.9730941704035875,0.9353448275862069,0.9874213836477987,0.9538461538461539,0.9660196501317997,217,471,6,15,0.9561403508771931
SwinT,1,5,0.9936729936729938,0.988479058625994,0.0239338207009328,0.021924713307512042,0.9663677130044843,0.9562841530054644,0.9615384615384616,0.9696969696969697,0.958904109589041,0.9652205557432871,175,256,8,7,0.9641255605381166,0.9414893617021277,0.9725274725274725,0.9583333333333334,0.9567567567567568,0.9630527078802941,177,253,11,5,0.9695290858725762
SwinT,2,1,0.9950930726900689,0.9896847412240729,0.025308250957105857,0.021089522657139172,0.9678714859437751,0.9699248120300752,0.9148936170212766,0.988795518207283,0.9416058394160584,0.9597225872980568,129,353,4,12,0.9698795180722891,0.9701492537313433,0.9219858156028369,0.988795518207283,0.9454545454545454,0.9623250535871894,130,353,4,11,0.9534050179211468
SwinT,2,2,0.9876408578698656,0.9908935388500058,0.043406666524897906,0.043864599842482054,0.9501466275659824,0.9707317073170731,0.9476190476190476,0.9541984732824428,0.9590361445783132,0.9476828662966472,199,125,6,11,0.9472140762463344,0.9705882352941176,0.9428571428571428,0.9541984732824428,0.9565217391304348,0.9446787800129786,198,125,6,12,0.9645390070921985
SwinT,2,3,0.9915639195327709,0.9909460914835356,0.040965405394883296,0.03694433903545966,0.9405286343612335,0.9142857142857143,0.9552238805970149,0.9288537549407114,0.9343065693430657,0.9399903068043296,192,235,18,9,0.9317180616740088,0.8761061946902655,0.9850746268656716,0.8893280632411067,0.927400468384075,0.9314757019675053,198,225,28,3,0.9516539440203562
SwinT,2,4,0.9956096397041279,0.9925906782936631,0.025091699916216313,0.021020874097980043,0.9733777038269551,0.9473684210526315,0.9818181818181818,0.968503937007874,0.9642857142857142,0.9715327775672603,216,369,12,4,0.9650582362728786,0.9234042553191489,0.9863636363636363,0.952755905511811,0.9538461538461537,0.9628668520234785,217,363,18,3,0.9664429530201342
SwinT,2,5,0.9970359689177282,0.9975662000949026,0.02633795801215621,0.02781422928792431,0.9652996845425867,0.9545454545454546,0.9824561403508771,0.9452054794520548,0.968299711815562,0.9649860928415789,168,138,8,3,0.9558359621451105,0.9385474860335196,0.9824561403508771,0.9246575342465754,0.9600000000000001,0.9553521126760562,168,135,11,3,0.9732937685459939
SwinT,3,1,0.996469549867608,0.9955309358369442,0.015766724276926592,0.020557864705788444,0.9821428571428571,0.9626168224299065,1.0,0.9669421487603306,0.9809523809523809,0.9820728291316526,103,117,4,0,0.9821428571428571,0.9626168224299065,1.0,0.9669421487603306,0.9809523809523809,0.9820728291316526,103,117,4,0,0.985645933014354
SwinT,3,2,0.9970348406226834,0.9981327335175558,0.0217685393298195,0.018282128864172967,0.9704641350210971,0.9927007299270073,0.9577464788732394,0.9894736842105263,0.974910394265233,0.9695064791838985,136,94,1,6,0.9704641350210971,0.9927007299270073,0.9577464788732394,0.9894736842105263,0.974910394265233,0.9695064791838985,136,94,1,6,0.9824561403508772
SwinT,3,3,0.9866247919267582,0.9806095330262953,0.034408557892193575,0.02742026531268603,0.9584816132858838,0.9427480916030534,0.9250936329588015,0.9739583333333334,0.9338374291115313,0.9517933904416774,247,561,15,20,0.9395017793594306,0.8576158940397351,0.9700374531835206,0.9253472222222222,0.9103690685413007,0.9323555280038642,259,533,43,8,0.9391634980988595
SwinT,3,4,0.9948613122107713,0.9960190427094077,0.026382668163143743,0.0235382138455944,0.9680851063829787,0.9651741293532339,0.9748743718592965,0.96045197740113,0.97,0.9679545454545455,194,170,7,5,0.9680851063829787,0.9844559585492227,0.9547738693467337,0.9830508474576272,0.9693877551020409,0.9680272108843537,190,174,3,9,0.972568578553616
SwinT,3,5,0.9948391189020873,0.9938777127761087,0.029692893163558,0.026030425571455542,0.9642184557438794,0.9570815450643777,0.9612068965517241,0.9665551839464883,0.9591397849462365,0.9636569946506728,223,289,10,9,0.9529190207156308,0.9259259259259259,0.9698275862068966,0.939799331103679,0.9473684210526316,0.9523894916166054,225,281,18,7,0.9591397849462365
