Modelo A,Modelo B,Diferencia media,p_Holm mínimo,p_Holm máximo,Repeticiones con p_Holm < 0.05
ConvNeXtT,DeiT,0.003482130212880833,0.031910986495429665,1.0,1 de 3
ConvNeXtT,EfficientNetV2S,0.002089389636181401,0.07776794989557212,1.0,0 de 3
ConvNeXtT,ResNet50,0.004602093236677855,0.0026836410186463293,0.23812617676913433,2 de 3
DeiT,EfficientNetV2S,-0.0013927405766994323,1.0,1.0,0 de 3
DeiT,ResNet50,0.0011199630237970215,0.6296924077192834,1.0,0 de 3
EfficientNetV2S,ResNet50,0.002512703600496454,0.12874587341990615,1.0,0 de 3
SwinT,ConvNeXtT,0.0012560033363329115,0.23812617676913433,1.0,0 de 3
SwinT,DeiT,0.004738133549213745,0.031910986495429665,0.23812617676913433,1 de 3
SwinT,EfficientNetV2S,0.0033453929725143126,0.07333880212728047,0.9561354288654211,0 de 3
SwinT,ResNet50,0.005858096573010767,0.010832673393354714,0.20188202445746717,2 de 3
