Repetición,Modelo A,Modelo B,Accuracy A,Accuracy B,Solo A acierta,Solo B acierta,Estadístico,p,p_Holm,Diferencia de accuracy
1,SwinT,ConvNeXtT,0.9624604251469923,0.9624604251469923,33,33,0.015151515151515152,0.9020346492544503,1.0,0.0
1,SwinT,DeiT,0.9624604251469923,0.9502487562189055,57,30,7.7701149425287355,0.005311766895653355,0.053117668956533554,0.012211668928086783
1,SwinT,EfficientNetV2S,0.9624604251469923,0.9520578923563998,58,35,5.204301075268817,0.022531071594858402,0.13518642956915042,0.010402532790592445
1,SwinT,ResNet50,0.9624604251469923,0.9502487562189055,62,35,6.969072164948454,0.008293048632162231,0.06112635859767997,0.012211668928086783
1,ConvNeXtT,DeiT,0.9624604251469923,0.9502487562189055,58,31,7.595505617977528,0.0058513983039743004,0.053117668956533554,0.012211668928086783
1,ConvNeXtT,EfficientNetV2S,0.9624604251469923,0.9520578923563998,62,39,4.792079207920792,0.028590893764117848,0.14295446882058924,0.010402532790592445
1,ConvNeXtT,ResNet50,0.9624604251469923,0.9502487562189055,61,34,7.11578947368421,0.007640794824709996,0.06112635859767997,0.012211668928086783
1,DeiT,EfficientNetV2S,0.9502487562189055,0.9520578923563998,54,58,0.08035714285714286,0.7768140041554821,1.0,-0.0018091361374943382
1,DeiT,ResNet50,0.9502487562189055,0.9502487562189055,58,58,0.008620689655172414,0.9260245800871747,1.0,0.0
1,EfficientNetV2S,ResNet50,0.9520578923563998,0.9502487562189055,50,46,0.09375,0.7594628653799336,1.0,0.0018091361374943382
2,SwinT,ConvNeXtT,0.9606512890094979,0.9538670284938942,50,35,2.3058823529411763,0.12888507323289014,1.0,0.006784260515603768
2,SwinT,DeiT,0.9606512890094979,0.9579375848032564,43,37,0.3125,0.5761501220305787,1.0,0.0027137042062415073
2,SwinT,EfficientNetV2S,0.9606512890094979,0.9574853007688828,49,42,0.3956043956043956,0.5293681061847979,1.0,0.003165988240615092
2,SwinT,ResNet50,0.9606512890094979,0.9570330167345092,53,45,0.5,0.47950012218695337,1.0,0.0036182722749886764
2,ConvNeXtT,DeiT,0.9538670284938942,0.9579375848032564,43,52,0.6736842105263158,0.4117700649021424,1.0,-0.004070556309362261
2,ConvNeXtT,EfficientNetV2S,0.9538670284938942,0.9574853007688828,45,53,0.5,0.47950012218695337,1.0,-0.0036182722749886764
2,ConvNeXtT,ResNet50,0.9538670284938942,0.9570330167345092,45,52,0.3711340206185567,0.5423867777524077,1.0,-0.003165988240615092
2,DeiT,EfficientNetV2S,0.9579375848032564,0.9574853007688828,50,49,0.0,1.0,1.0,0.00045228403437358455
2,DeiT,ResNet50,0.9579375848032564,0.9570330167345092,48,46,0.010638297872340425,0.9178501726683691,1.0,0.0009045680687471691
2,EfficientNetV2S,ResNet50,0.9574853007688828,0.9570330167345092,56,55,0.0,1.0,1.0,0.00045228403437358455
3,SwinT,ConvNeXtT,0.9651741293532339,0.9647218453188603,31,30,0.0,1.0,1.0,0.00045228403437358455
3,SwinT,DeiT,0.9651741293532339,0.9502487562189055,66,33,10.343434343434344,0.0012993603050648896,0.012993603050648896,0.014925373134328401
3,SwinT,EfficientNetV2S,0.9651741293532339,0.9552238805970149,57,35,4.793478260869565,0.028567681801513038,0.2285414544121043,0.009950248756218971
3,SwinT,ResNet50,0.9651741293532339,0.9601990049751243,43,32,1.3333333333333333,0.24821307898992026,1.0,0.004975124378109541
3,ConvNeXtT,DeiT,0.9647218453188603,0.9502487562189055,65,33,9.806122448979592,0.0017393184470989086,0.015653866023890177,0.014473089099954817
3,ConvNeXtT,EfficientNetV2S,0.9647218453188603,0.9552238805970149,58,37,4.2105263157894735,0.04017387028851206,0.25010188787943105,0.009497964721845387
3,ConvNeXtT,ResNet50,0.9647218453188603,0.9601990049751243,43,33,1.0657894736842106,0.30189844442852465,1.0,0.0045228403437359566
3,DeiT,EfficientNetV2S,0.9502487562189055,0.9552238805970149,55,66,0.8264462809917356,0.36330214088689783,1.0,-0.00497512437810943
3,DeiT,ResNet50,0.9502487562189055,0.9601990049751243,39,61,4.41,0.03572884112563301,0.25010188787943105,-0.00995024875621886
3,EfficientNetV2S,ResNet50,0.9552238805970149,0.9601990049751243,46,57,0.970873786407767,0.32446235575110266,1.0,-0.00497512437810943
