Partición,Conjunto,Sana,BPR,Total,% BPR
r0_f0,Entrenamiento,1037,789,1826,43.2
r0_f0,Validación,125,66,191,34.6
r0_f0,Prueba,106,88,194,45.4
r0_f1,Entrenamiento,503,554,1057,52.4
r0_f1,Validación,419,118,537,22.0
r0_f1,Prueba,346,271,617,43.9
r0_f2,Entrenamiento,1092,677,1769,38.3
r0_f2,Validación,101,96,197,48.7
r0_f2,Prueba,75,170,245,69.4
r0_f3,Entrenamiento,662,629,1291,48.7
r0_f3,Validación,129,82,211,38.9
r0_f3,Prueba,477,232,709,32.7
r0_f4,Entrenamiento,501,595,1096,54.3
r0_f4,Validación,503,166,669,24.8
r0_f4,Prueba,264,182,446,40.8
r1_f0,Entrenamiento,726,692,1418,48.8
r1_f0,Validación,185,110,295,37.3
r1_f0,Prueba,357,141,498,28.3
r1_f1,Entrenamiento,992,625,1617,38.7
r1_f1,Validación,145,108,253,42.7
r1_f1,Prueba,131,210,341,61.6
r1_f2,Entrenamiento,965,676,1641,41.2
r1_f2,Validación,50,66,116,56.9
r1_f2,Prueba,253,201,454,44.3
r1_f3,Entrenamiento,804,604,1408,42.9
r1_f3,Validación,83,119,202,58.9
r1_f3,Prueba,381,220,601,36.6
r1_f4,Entrenamiento,1104,708,1812,39.1
r1_f4,Validación,18,64,82,78.0
r1_f4,Prueba,146,171,317,53.9
r2_f0,Entrenamiento,1029,749,1778,42.1
r2_f0,Validación,118,91,209,43.5
r2_f0,Prueba,121,103,224,46.0
r2_f1,Entrenamiento,752,703,1455,48.3
r2_f1,Validación,421,98,519,18.9
r2_f1,Prueba,95,142,237,59.9
r2_f2,Entrenamiento,598,548,1146,47.8
r2_f2,Validación,94,128,222,57.7
r2_f2,Prueba,576,267,843,31.7
r2_f3,Entrenamiento,1007,622,1629,38.2
r2_f3,Validación,84,122,206,59.2
r2_f3,Prueba,177,199,376,52.9
r2_f4,Entrenamiento,897,624,1521,41.0
r2_f4,Validación,72,87,159,54.7
r2_f4,Prueba,299,232,531,43.7
