Repetición,Modelo,AUC_OOF,IC95_inf,IC95_sup,Accuracy_OOF,Accuracy_IC95,F1_OOF,F1_IC95,Brier_OOF
1,SwinT,0.9931882273835767,0.9907662293211086,0.9956102254460448,0.9624604251469923,0.953–0.970,0.9558745348219032,0.942–0.969,0.029307229039118123
1,ConvNeXtT,0.9930335094051804,0.9907277044572719,0.995339314353089,0.9624604251469923,0.950–0.971,0.9554959785522789,0.942–0.968,0.02983563707687841
1,DeiT,0.9884078600078278,0.9846152793022335,0.9922004407134221,0.9502487562189055,0.937–0.960,0.9407965554359526,0.925–0.955,0.038204953612269395
1,EfficientNetV2S,0.9889330648209788,0.985209602542316,0.9926565270996415,0.9520578923563998,0.938–0.963,0.9427645788336934,0.927–0.957,0.037539096099229716
1,ResNet50,0.9873214889054663,0.9833766305432058,0.9912663472677269,0.9502487562189055,0.936–0.961,0.940152339499456,0.925–0.954,0.03731764338463505
2,SwinT,0.9921072923182942,0.9892860371605956,0.9949285474759928,0.9606512890094979,0.950–0.969,0.9540897097625329,0.940–0.967,0.03140331101329962
2,ConvNeXtT,0.9887674747684249,0.9854135096992253,0.9921214398376245,0.9538670284938942,0.939–0.965,0.9452789699570815,0.931–0.958,0.036450482170316115
2,DeiT,0.9881410760342687,0.9842399420753044,0.992042209993233,0.9579375848032564,0.946–0.967,0.9501340482573727,0.937–0.962,0.03528980728906953
2,EfficientNetV2S,0.9899809655070902,0.9864287824317326,0.9935331485824479,0.9574853007688828,0.945–0.967,0.9497326203208556,0.937–0.962,0.034154460344984414
2,ResNet50,0.9847636243815462,0.9798689077904356,0.9896583409726568,0.9570330167345092,0.944–0.967,0.9492250133618386,0.932–0.964,0.034802752066035454
3,SwinT,0.992647132615888,0.9896048558378526,0.9956894093939234,0.9651741293532339,0.957–0.973,0.9591078066914498,0.942–0.972,0.028667622732478203
3,ConvNeXtT,0.9923736581351549,0.9894328528808584,0.9953144633894514,0.9647218453188603,0.956–0.973,0.9583333333333334,0.944–0.971,0.028792366691231034
3,DeiT,0.9871793156280212,0.9826900114875553,0.9916686197684871,0.9502487562189055,0.938–0.960,0.9407965554359526,0.925–0.955,0.03691198519231331
3,EfficientNetV2S,0.988992443072147,0.985126983954546,0.9928579021897479,0.9552238805970149,0.944–0.965,0.946916890080429,0.928–0.962,0.03498307949671498
3,ResNet50,0.9882832493117141,0.984053154482957,0.9925133441404711,0.9601990049751243,0.950–0.969,0.9531914893617022,0.937–0.967,0.03278968284225142
