Repetición,Modelo A,Modelo B,AUC A,AUC B,Diferencia,z,p,p_Holm
1,SwinT,ConvNeXtT,0.9931882273835767,0.9930335094051804,0.00015471797839627932,0.14531812103372083,0.8844597080729303,1.0
1,SwinT,DeiT,0.9931882273835767,0.9884078600078278,0.0047803673757489396,2.870441027941742,0.004098996472536303,0.031910986495429665
1,SwinT,EfficientNetV2S,0.9931882273835767,0.9889330648209788,0.004255162562597947,2.50563612801919,0.012223133687880078,0.07333880212728047
1,SwinT,ResNet50,0.9931882273835767,0.9873214889054663,0.005866738478110367,3.2380184207458456,0.0012036303770394127,0.010832673393354714
1,ConvNeXtT,DeiT,0.9930335094051804,0.9884078600078278,0.00462564939735266,2.8790403214232776,0.003988873311928708,0.031910986495429665
1,ConvNeXtT,EfficientNetV2S,0.9930335094051804,0.9889330648209788,0.004100444584201668,2.4192256142245503,0.015553589979114423,0.07776794989557212
1,ConvNeXtT,ResNet50,0.9930335094051804,0.9873214889054663,0.005712020499714088,3.6440664341756426,0.00026836410186463293,0.0026836410186463293
1,DeiT,EfficientNetV2S,0.9884078600078278,0.9889330648209788,-0.0005252048131509923,-0.26970344389473616,0.7873884108560978,1.0
1,DeiT,ResNet50,0.9884078600078278,0.9873214889054663,0.0010863711023614275,0.6433310807124573,0.5200092928989593,1.0
1,EfficientNetV2S,ResNet50,0.9889330648209788,0.9873214889054663,0.0016115759155124199,0.8292771575969526,0.4069475933603226,1.0
2,SwinT,ConvNeXtT,0.9921072923182942,0.9887674747684249,0.0033398175498693394,2.173193296663403,0.029765772096141792,0.23812617676913433
2,SwinT,DeiT,0.9921072923182942,0.9881410760342687,0.003966216284025492,2.1495521122228616,0.03159065980473044,0.23812617676913433
2,SwinT,EfficientNetV2S,0.9921072923182942,0.9899809655070902,0.002126326811203949,1.1774050950830175,0.23903385721635528,0.9561354288654211
2,SwinT,ResNet50,0.9921072923182942,0.9847636243815462,0.007343667936748011,3.211784000442491,0.0013191351502699694,0.013191351502699693
2,ConvNeXtT,DeiT,0.9887674747684249,0.9881410760342687,0.0006263987341561528,0.36876834072746495,0.7123004044880736,1.0
2,ConvNeXtT,EfficientNetV2S,0.9887674747684249,0.9899809655070902,-0.0012134907386653904,-0.6971031164486519,0.4857382640094262,1.0
2,ConvNeXtT,ResNet50,0.9887674747684249,0.9847636243815462,0.004003850386878671,2.106938252799695,0.03512293225434286,0.23812617676913433
2,DeiT,EfficientNetV2S,0.9881410760342687,0.9899809655070902,-0.0018398894728215431,-0.8974273027453493,0.3694909490301217,1.0
2,DeiT,ResNet50,0.9881410760342687,0.9847636243815462,0.0033774516527225185,1.5303161948531514,0.12593848154385667,0.6296924077192834
2,EfficientNetV2S,ResNet50,0.9899809655070902,0.9847636243815462,0.005217341125544062,2.4495094135374997,0.014305097046656239,0.12874587341990615
3,SwinT,ConvNeXtT,0.992647132615888,0.9923736581351549,0.00027347448073311575,0.1860056795409756,0.8524403074266855,1.0
3,SwinT,DeiT,0.992647132615888,0.9871793156280212,0.005467816987866803,2.734215272084631,0.0062529148748707766,0.05627623387383699
3,SwinT,EfficientNetV2S,0.992647132615888,0.988992443072147,0.003654689543741041,2.0153943229314346,0.0438633488042243,0.2631800928253458
3,SwinT,ResNet50,0.992647132615888,0.9882832493117141,0.004363883304173921,2.1856627342752826,0.028840289208209594,0.20188202445746717
3,ConvNeXtT,DeiT,0.9923736581351549,0.9871793156280212,0.005194342507133687,2.5759610871700604,0.009996189532189038,0.07996951625751231
3,ConvNeXtT,EfficientNetV2S,0.9923736581351549,0.988992443072147,0.003381215063007925,2.008234300522575,0.04461839968146691,0.2631800928253458
3,ConvNeXtT,ResNet50,0.9923736581351549,0.9882832493117141,0.004090408823440805,2.8837960255492203,0.003929131614323259,0.039291316143232585
3,DeiT,EfficientNetV2S,0.9871793156280212,0.988992443072147,-0.0018131274441257617,-0.8505379792404208,0.395026054440227,1.0
3,DeiT,ResNet50,0.9871793156280212,0.9882832493117141,-0.0011039336836928815,-0.608213445540916,0.5430459181675189,1.0
3,EfficientNetV2S,ResNet50,0.988992443072147,0.9882832493117141,0.0007091937604328802,0.34896418122601824,0.7271162004300056,1.0
