i,j,hamming,coseno,img_i,img_j,clase_i,clase_j,agrupado
537,548,16,0.9637,dataT/healthy/healthy_2109.jpg,dataT/healthy/healthy_2119.jpg,0,0,True
711,714,16,0.9528,dataT/healthy/healthy_2590.jpg,dataT/healthy/healthy_2593.jpg,0,0,True
1820,1843,26,0.9528,dataT/pod_rot_black/black_pod_rot_597.jpg,dataT/pod_rot_black/black_pod_rot_617.jpg,1,1,True
430,443,18,0.9517,dataT/healthy/healthy_1650.jpg,dataT/healthy/healthy_1663.jpg,0,0,True
4,37,22,0.9504,dataT/healthy/healthy_101.jpg,dataT/healthy/healthy_104.jpg,0,0,True
2114,2116,12,0.9493,dataT/pod_rot_black/black_pod_rot_861.jpg,dataT/pod_rot_black/black_pod_rot_863.jpg,1,1,False
1127,1238,20,0.9456,dataT/healthy/healthy_60.jpg,dataT/healthy/healthy_72.jpg,0,0,False
309,312,20,0.9453,dataT/healthy/healthy_1483.jpg,dataT/healthy/healthy_1486.jpg,0,0,False
1582,1681,28,0.943,dataT/pod_rot_black/black_pod_rot_382.jpg,dataT/pod_rot_black/black_pod_rot_471.jpg,1,1,False
1523,1527,20,0.9428,dataT/pod_rot_black/black_pod_rot_329.jpg,dataT/pod_rot_black/black_pod_rot_332.jpg,1,1,False
1372,1373,22,0.9421,dataT/pod_rot_black/black_pod_rot_193.jpg,dataT/pod_rot_black/black_pod_rot_194.jpg,1,1,False
399,798,6,0.9412,dataT/healthy/healthy_1572.jpg,dataT/healthy/healthy_2755.jpg,0,0,True
407,976,28,0.9396,dataT/healthy/healthy_1580.jpg,dataT/healthy/healthy_3318.jpg,0,0,False
1717,2035,22,0.9392,dataT/pod_rot_black/black_pod_rot_503.jpg,dataT/pod_rot_black/black_pod_rot_790.jpg,1,1,False
1583,1585,28,0.9375,dataT/pod_rot_black/black_pod_rot_383.jpg,dataT/pod_rot_black/black_pod_rot_385.jpg,1,1,False
706,1204,16,0.9373,dataT/healthy/healthy_2586.jpg,dataT/healthy/healthy_67.jpg,0,0,False
2032,2035,24,0.937,dataT/pod_rot_black/black_pod_rot_788.jpg,dataT/pod_rot_black/black_pod_rot_790.jpg,1,1,False
1872,1883,16,0.9365,dataT/pod_rot_black/black_pod_rot_643.jpg,dataT/pod_rot_black/black_pod_rot_653.jpg,1,1,False
1618,1659,34,0.9354,dataT/pod_rot_black/black_pod_rot_414.jpg,dataT/pod_rot_black/black_pod_rot_451.jpg,1,1,False
881,1043,26,0.9347,dataT/healthy/healthy_30.jpg,dataT/healthy/healthy_44.jpg,0,0,False
748,762,32,0.9344,dataT/healthy/healthy_2623.jpg,dataT/healthy/healthy_2636.jpg,0,0,False
1337,1350,22,0.934,dataT/pod_rot_black/black_pod_rot_161.jpg,dataT/pod_rot_black/black_pod_rot_173.jpg,1,1,False
2120,2121,22,0.9336,dataT/pod_rot_black/black_pod_rot_867.jpg,dataT/pod_rot_black/black_pod_rot_868.jpg,1,1,False
617,624,22,0.9332,dataT/healthy/healthy_229.jpg,dataT/healthy/healthy_234.jpg,0,0,False
1406,1497,14,0.9331,dataT/pod_rot_black/black_pod_rot_223.jpg,dataT/pod_rot_black/black_pod_rot_305.jpg,1,1,False
1182,1239,26,0.9329,dataT/healthy/healthy_65.jpg,dataT/healthy/healthy_73.jpg,0,0,False
244,983,22,0.9327,dataT/healthy/healthy_1417.jpg,dataT/healthy/healthy_3325.jpg,0,0,False
699,803,24,0.9325,dataT/healthy/healthy_258.jpg,dataT/healthy/healthy_276.jpg,0,0,False
1720,1722,18,0.9325,dataT/pod_rot_black/black_pod_rot_506.jpg,dataT/pod_rot_black/black_pod_rot_508.jpg,1,1,False
1717,2032,24,0.9323,dataT/pod_rot_black/black_pod_rot_503.jpg,dataT/pod_rot_black/black_pod_rot_788.jpg,1,1,False
1722,2035,20,0.9323,dataT/pod_rot_black/black_pod_rot_508.jpg,dataT/pod_rot_black/black_pod_rot_790.jpg,1,1,False
1722,2032,18,0.9316,dataT/pod_rot_black/black_pod_rot_508.jpg,dataT/pod_rot_black/black_pod_rot_788.jpg,1,1,False
1379,1829,26,0.9307,dataT/pod_rot_black/black_pod_rot_2.jpg,dataT/pod_rot_black/black_pod_rot_604.jpg,1,1,False
463,465,28,0.9306,dataT/healthy/healthy_197.jpg,dataT/healthy/healthy_199.jpg,0,0,False
1717,1722,20,0.9302,dataT/pod_rot_black/black_pod_rot_503.jpg,dataT/pod_rot_black/black_pod_rot_508.jpg,1,1,False
1976,1980,20,0.9298,dataT/pod_rot_black/black_pod_rot_737.jpg,dataT/pod_rot_black/black_pod_rot_740.jpg,1,1,False
1711,1719,20,0.9297,dataT/pod_rot_black/black_pod_rot_499.jpg,dataT/pod_rot_black/black_pod_rot_505.jpg,1,1,False
632,657,28,0.9287,dataT/healthy/healthy_241.jpg,dataT/healthy/healthy_2509.jpg,0,0,False
1314,1315,18,0.9286,dataT/pod_rot_black/black_pod_rot_140.jpg,dataT/pod_rot_black/black_pod_rot_141.jpg,1,1,False
2116,2117,14,0.9279,dataT/pod_rot_black/black_pod_rot_863.jpg,dataT/pod_rot_black/black_pod_rot_864.jpg,1,1,False
69,861,14,0.8617,dataT/healthy/healthy_1069.jpg,dataT/healthy/healthy_2811.jpg,0,0,False
537,684,12,0.8257,dataT/healthy/healthy_2109.jpg,dataT/healthy/healthy_2566.jpg,0,0,False
140,226,14,0.8252,dataT/healthy/healthy_1185.jpg,dataT/healthy/healthy_1270.jpg,0,0,False
20,338,14,0.8161,dataT/healthy/healthy_1024.jpg,dataT/healthy/healthy_1511.jpg,0,0,False
149,737,12,0.8073,dataT/healthy/healthy_1194.jpg,dataT/healthy/healthy_2613.jpg,0,0,False
86,1459,12,0.7934,dataT/healthy/healthy_1084.jpg,dataT/pod_rot_black/black_pod_rot_271.jpg,0,1,False
403,1594,12,0.7837,dataT/healthy/healthy_1576.jpg,dataT/pod_rot_black/black_pod_rot_393.jpg,0,1,False
312,759,12,0.7769,dataT/healthy/healthy_1486.jpg,dataT/healthy/healthy_2633.jpg,0,0,False
279,414,12,0.7721,dataT/healthy/healthy_1453.jpg,dataT/healthy/healthy_1634.jpg,0,0,False
175,473,14,0.7595,dataT/healthy/healthy_1219.jpg,dataT/healthy/healthy_205.jpg,0,0,False
196,990,14,0.7525,dataT/healthy/healthy_1240.jpg,dataT/healthy/healthy_3332.jpg,0,0,False
248,1141,12,0.7477,dataT/healthy/healthy_1421.jpg,dataT/healthy/healthy_612.jpg,0,0,False
644,2208,12,0.7467,dataT/healthy/healthy_2498.jpg,dataT/pod_rot_black/black_pod_rot_97.jpg,0,1,False
460,1434,12,0.7353,dataT/healthy/healthy_17.jpg,dataT/pod_rot_black/black_pod_rot_249.jpg,0,1,False
62,694,14,0.7345,dataT/healthy/healthy_1062.jpg,dataT/healthy/healthy_2575.jpg,0,0,False
190,1499,12,0.7316,dataT/healthy/healthy_1234.jpg,dataT/pod_rot_black/black_pod_rot_307.jpg,0,1,False
58,1901,12,0.7162,dataT/healthy/healthy_1059.jpg,dataT/pod_rot_black/black_pod_rot_67.jpg,0,1,False
91,1171,12,0.7153,dataT/healthy/healthy_1089.jpg,dataT/healthy/healthy_64.jpg,0,0,False
1106,1322,12,0.7131,dataT/healthy/healthy_581.jpg,dataT/pod_rot_black/black_pod_rot_148.jpg,0,1,False
1317,1812,12,0.7028,dataT/pod_rot_black/black_pod_rot_143.jpg,dataT/pod_rot_black/black_pod_rot_59.jpg,1,1,False
109,2156,14,0.6976,dataT/healthy/healthy_1154.jpg,dataT/pod_rot_black/black_pod_rot_9.jpg,0,1,False
876,1842,12,0.6957,dataT/healthy/healthy_289.jpg,dataT/pod_rot_black/black_pod_rot_616.jpg,0,1,False
3,1046,14,0.6946,dataT/healthy/healthy_1009.jpg,dataT/healthy/healthy_442.jpg,0,0,False
117,190,14,0.6747,dataT/healthy/healthy_1162.jpg,dataT/healthy/healthy_1234.jpg,0,0,False
49,229,14,0.6694,dataT/healthy/healthy_1050.jpg,dataT/healthy/healthy_13.jpg,0,0,False
108,1530,14,0.6517,dataT/healthy/healthy_1153.jpg,dataT/pod_rot_black/black_pod_rot_335.jpg,0,1,False
28,253,14,0.6305,dataT/healthy/healthy_1031.jpg,dataT/healthy/healthy_1426.jpg,0,0,False
89,649,14,0.6279,dataT/healthy/healthy_1087.jpg,dataT/healthy/healthy_2501.jpg,0,0,False
76,1936,14,0.6153,dataT/healthy/healthy_1075.jpg,dataT/pod_rot_black/black_pod_rot_700.jpg,0,1,False
1875,1898,12,0.6129,dataT/pod_rot_black/black_pod_rot_646.jpg,dataT/pod_rot_black/black_pod_rot_667.jpg,1,1,False
61,1476,14,0.6106,dataT/healthy/healthy_1061.jpg,dataT/pod_rot_black/black_pod_rot_287.jpg,0,1,False
61,468,14,0.5863,dataT/healthy/healthy_1061.jpg,dataT/healthy/healthy_200.jpg,0,0,False
117,264,14,0.5858,dataT/healthy/healthy_1162.jpg,dataT/healthy/healthy_1437.jpg,0,0,False
210,1544,14,0.5756,dataT/healthy/healthy_1254.jpg,dataT/pod_rot_black/black_pod_rot_348.jpg,0,1,False
80,1998,14,0.5622,dataT/healthy/healthy_1079.jpg,dataT/pod_rot_black/black_pod_rot_757.jpg,0,1,False
191,1657,12,0.5507,dataT/healthy/healthy_1235.jpg,dataT/pod_rot_black/black_pod_rot_45.jpg,0,1,False
392,2048,12,0.5435,dataT/healthy/healthy_1565.jpg,dataT/pod_rot_black/black_pod_rot_801.jpg,0,1,False
217,1716,14,0.3583,dataT/healthy/healthy_1261.jpg,dataT/pod_rot_black/black_pod_rot_502.jpg,0,1,False
